,タイトル,URL_y,ID,Title,main key,Category,index,SKU,説明,状態_y,画像1,画像2,画像3,画像4,画像5,画像6,画像7,現在価格,即決価格
0,○●即決○●Xo974▽良▽江戸時代不白造香合茶人書付箱　検　裏千家表千家江戸千家不白流不昧流石州流庸軒流遠州流　茶道具,https://page.auctions.yahoo.co.jp/jp/auction/n470051040,n470051040,○●即決○●Xo974▽良▽江戸時代不白造香合茶人書付箱　検　裏千家表千家江戸千家不白流不昧流石州流庸軒流遠州流　茶道具,incense burner,73466.0,0.0,4b1d-a9a8-02ae5333450f-n470051040-202011-0322-4239, ※オーダーフォーム入力後、落札金額に消費税 と送料が加算されます。 商品説明 商品名 ▽良▽ 寸法・状態 口径 3.2cm 高さ 2.8cm詳細は画像をご覧下さい。 ※寸法に若干の誤差が生じる場合もございます。目安として御参考下さい。 落札時間になりますとアクセスが集中してしまうため画像が見れない場合がございます。 モバイル画面でご覧になる場合、画像を全部見ることができません。 ご使用のブラウザやパソコンのモニター環境などによっては、多少色合いなどが異なって見える場合がございます。予めご了承頂けますようお願い致します。 商品サイズ 60サイズです（下記の送料表と照らし合わせご覧下さい） 備考 タイトル表記について タイトルにつきましては箱書や資料等を参考につけさせて頂いております。 時代に関しましてはあくまで弊社における見解でございます。様々な時代見解が御座います為弊社では「時代保証」等は行っておりません。 すべての商品におきまして画像をよくご覧になられた上で、お客様のご納得の上ご責任を負える範囲でのご入札をお願い致します。 時代物について 目に留まる傷や直しは明記致しますが、骨董品、中古品に関しましては現代で作られたものではない為、説明しきれない時代物としてのアタリ・擦れ・ヘコミ・汚れ・変色・小疵・皺等が見られます。 そういった時代感（欠点、褪せ）を気になさる方は最初から入札なさらない方が良ろしいかと思われます。 これらの理由によるご返品・キャンセルはお断りいたします。上記をご承知の上ご入札を頂けますようお願い致します。 (返品条件につきましては下記に別途記載しております) 送 料 佐川急便元払い表 発送方法 佐川急便元払いで発送を行わせていただきます 代金引換（代引き）発送をご希望のお客様は佐川急便 e-コレクト（現金支払いのみ）で対応させていただきます 。 【商品到着後の転送について】 梱包はお客様のお手元まで無事に届きますよう万全を期して行っております。しかし商品到着後別の場所へ転送される場合は国内外問わず商品の安全に対し弊社では一切の責任を負いかねます。転送される場合は荷物を解き一度ご確認頂けますようお願い致します。 終了後はオーダーフォームにてご連絡いただきますようお願い致します ご覧頂きありがとうございます 必ずオークションルールをお読みになった上、ご同意後にご入札を頂けますようよろしくお願い致します。 ご返品については商品説明と著しく異なる場合（寸法、キズ記載ミスなど）のみ承ります。 また上記の理由が御座いました場合にも ・お客様が一度お使いになられた物 ・お客様が商品や付属物、箱を汚損、破損、紛失されたなど発送時と商品状態が異なる物 ・到着後一週間経った物 以上の場合にはご返品は対応致しかねます。 予めご了承の上ご対応いただけますようお願い致します。 営業時間外、土日祝日はお店がお休みのため対応できません。 不審な入札（新規ID、いたずら等）と判断いたしました場合、入札を削除させて頂く場合がございます。 予めご了承頂けますようお願い致します。 その他の細かい事項は当社のオークションルールに記載させて頂いております。 当社ではお取引終了まで誠心誠意対処させて頂きますのでみなさまご安心の上ご入札下さい。 どうぞよろしくお願い致します。 , やや傷や汚れあり ,https://auctions.c.yimg.jp/images.auctions.yahoo.co.jp/image/dr000/auc0111/users/9d00c1618bf2ff9f9026338396d78946b032cb40/i-img600x400-1604308101tndzul1984658.jpg,https://auctions.c.yimg.jp/images.auctions.yahoo.co.jp/image/dr000/auc0111/users/9d00c1618bf2ff9f9026338396d78946b032cb40/i-img600x400-1604308101qecggo1984658.jpg,https://auctions.c.yimg.jp/images.auctions.yahoo.co.jp/image/dr000/auc0111/users/9d00c1618bf2ff9f9026338396d78946b032cb40/i-img600x400-1604308101pmyk2g1984658.jpg,,,,,," 15,000 "
1,○●即決○●Xr1737▽良▽永楽妙全作染付冠絵火入一対　検　裏千家表千家江戸千家不白流不昧流石州流庸軒流遠州流　茶道具,https://page.auctions.yahoo.co.jp/jp/auction/d483808294,d483808294,○●即決○●Xr1737▽良▽永楽妙全作染付冠絵火入一対　検　裏千家表千家江戸千家不白流不昧流石州流庸軒流遠州流　茶道具,incense burner,73466.0,1.0,477b-815e-7bd161da745c-d483808294-202011-0322-4239, ※オーダーフォーム入力後、落札金額に消費税 と送料が加算されます。 商品説明 商品名 ▽良▽ 寸法・状態 口径10.2cm 高さ8.5cm詳細は画像をご覧下さい。 ※寸法に若干の誤差が生じる場合もございます。目安として御参考下さい。 落札時間になりますとアクセスが集中してしまうため画像が見れない場合がございます。 モバイル画面でご覧になる場合、画像を全部見ることができません。 ご使用のブラウザやパソコンのモニター環境などによっては、多少色合いなどが異なって見える場合がございます。予めご了承頂けますようお願い致します。 商品サイズ 60サイズです（下記の送料表と照らし合わせご覧下さい） 備考 タイトル表記について タイトルにつきましては箱書や資料等を参考につけさせて頂いております。 時代に関しましてはあくまで弊社における見解でございます。様々な時代見解が御座います為弊社では「時代保証」等は行っておりません。 すべての商品におきまして画像をよくご覧になられた上で、お客様のご納得の上ご責任を負える範囲でのご入札をお願い致します。 時代物について 目に留まる傷や直しは明記致しますが、骨董品、中古品に関しましては現代で作られたものではない為、説明しきれない時代物としてのアタリ・擦れ・ヘコミ・汚れ・変色・小疵・皺等が見られます。 そういった時代感（欠点、褪せ）を気になさる方は最初から入札なさらない方が良ろしいかと思われます。 これらの理由によるご返品・キャンセルはお断りいたします。上記をご承知の上ご入札を頂けますようお願い致します。 (返品条件につきましては下記に別途記載しております) 送 料 佐川急便元払い表 発送方法 佐川急便元払いで発送を行わせていただきます 代金引換（代引き）発送をご希望のお客様は佐川急便 e-コレクト（現金支払いのみ）で対応させていただきます 。 【商品到着後の転送について】 梱包はお客様のお手元まで無事に届きますよう万全を期して行っております。しかし商品到着後別の場所へ転送される場合は国内外問わず商品の安全に対し弊社では一切の責任を負いかねます。転送される場合は荷物を解き一度ご確認頂けますようお願い致します。 終了後はオーダーフォームにてご連絡いただきますようお願い致します ご覧頂きありがとうございます 必ずオークションルールをお読みになった上、ご同意後にご入札を頂けますようよろしくお願い致します。 ご返品については商品説明と著しく異なる場合（寸法、キズ記載ミスなど）のみ承ります。 また上記の理由が御座いました場合にも ・お客様が一度お使いになられた物 ・お客様が商品や付属物、箱を汚損、破損、紛失されたなど発送時と商品状態が異なる物 ・到着後一週間経った物 以上の場合にはご返品は対応致しかねます。 予めご了承の上ご対応いただけますようお願い致します。 営業時間外、土日祝日はお店がお休みのため対応できません。 不審な入札（新規ID、いたずら等）と判断いたしました場合、入札を削除させて頂く場合がございます。 予めご了承頂けますようお願い致します。 その他の細かい事項は当社のオークションルールに記載させて頂いております。 当社ではお取引終了まで誠心誠意対処させて頂きますのでみなさまご安心の上ご入札下さい。 どうぞよろしくお願い致します。 , やや傷や汚れあり ,https://auctions.c.yimg.jp/images.auctions.yahoo.co.jp/image/dr000/auc0111/users/9d00c1618bf2ff9f9026338396d78946b032cb40/i-img600x400-16043081037jofgl1984658.jpg,https://auctions.c.yimg.jp/images.auctions.yahoo.co.jp/image/dr000/auc0111/users/9d00c1618bf2ff9f9026338396d78946b032cb40/i-img600x400-16043081030svsbt1984658.jpg,https://auctions.c.yimg.jp/images.auctions.yahoo.co.jp/image/dr000/auc0111/users/9d00c1618bf2ff9f9026338396d78946b032cb40/i-img600x400-1604308103vopr6q1984658.jpg,,,,,," 30,000 "
2,【特別販売品】木製黒塗り　角香炉　箔劣化有（幅約27cm×高さ約13.5cm×奥行約17cm）他商品同梱不可　在庫品特価　管理番号「9630」,https://page.auctions.yahoo.co.jp/jp/auction/q402458328,q402458328,【特別販売品】木製黒塗り　角香炉　箔劣化有（幅約27cm×高さ約13.5cm×奥行約17cm）他商品同梱不可　在庫品特価　管理番号「9630」,incense burner,73466.0,2.0,4056-9af3-a4a1859946ec-q402458328-202011-0322-4239," 商品番号 9630 サイズ 幅 約27センチ 商品名 黒塗り 木製 角香炉 箔劣化あり 高さ 約13.5センチ 奥行 約17センチ 素材 木製仏具 色 黒塗り 状態 長期在庫品のため、多少塗やせ、箔劣化ございますのでご了承下さい。 金箔 あり 商品ランク 3 送料 1,123円 おすすめポイント 木製の黒塗り角香炉になります。塗やせ、金箔に劣化ございますのでご了承下さい。 注意事項 こちらの商品は1円出品の為、他の商品との同梱は承っておりません。あらかじめご了承願います。 こちらの商品は長期在庫品の為、特価価格にて販売させていただきます。 長期在庫品のため、多少擦傷・小傷・傷等ございますが、通常お使いいただくのには何も問題はありません。 長期在庫品ということをご了承いただき、ご購入の程よろしくお願い致します。 通常の受注品、展示商品と違い、こちらの特別販売商品は、商品数に限りがございます。 是非お早目にご検討いただき、ご購入を心よりお待ちしています。 こちらの商品は、サイズ変更や追加生産が不可能な商品となります。 ご挨拶とご案内 ★ 当店の商品ページをご覧いただき、誠にありがとうございます。 ★ 当店は、ご寺院様仏具を専門に、国内自社工場にて仏具を製造し、販売をさせて頂いています。 ★ 特に木製の仏具につきましては、幅広く対応が可能ですので、お気軽にお問い合わせくださいませ。 ★ また、仏具の完全修復、部分的な修理・修繕や仏具の改造、お寺の内装工事なども行っています。 ★ 当店では、お買い得の展示品から、当社オリジナルの仏具まで多数取り揃えています。 ★ 随時商品を更新していきますので、是非お気に入りに登録していただき、ご来訪をお待ちしています。 ★ お問い合わせはこちらからご記入ください(又は商品ページのお問い合わせよりご連絡ください) 【展示品商品の統一事項です】ご注文前に一度ご確認ください。 ★ 展示品につき、展示品価格にて販売させて頂きます。 ★ 展示品のため、多少の擦傷、小傷等ある場合がございますが、通常お使いいただく事に何も問題はありません。 ★ ★ お支払方法は、カード決済、銀行振込、郵便振替、商品代引よりお選びください。 ★ (お支払いに関する手数料はお客様ご負担となります。) ご入金確認後に発送させて頂きます。 ★ ★ ご注文から商品の発送までの日数は、商品ごとに異なりますので、お急ぎの場合はご注文前に一度お問い合わせください。 ★ 送料につきましては、商品ページ記載の送料となります。北海道、沖縄、離島の方は別途費用がかかる場合があります。 ★ ", 傷や汚れあり ,https://auctions.c.yimg.jp/images.auctions.yahoo.co.jp/image/dr000/auc0110/users/286e04a82d0f6ca069acee8900db854be019b259/i-img640x480-16041315528kadu816373.jpg,https://auctions.c.yimg.jp/images.auctions.yahoo.co.jp/image/dr000/auc0110/users/286e04a82d0f6ca069acee8900db854be019b259/i-img640x480-1604131552wqjy5g16373.jpg,https://auctions.c.yimg.jp/images.auctions.yahoo.co.jp/image/dr000/auc0110/users/286e04a82d0f6ca069acee8900db854be019b259/i-img640x480-16041315529oqnhf16373.jpg,https://auctions.c.yimg.jp/images.auctions.yahoo.co.jp/image/dr000/auc0110/users/286e04a82d0f6ca069acee8900db854be019b259/i-img640x480-1604131552f9pqio16373.jpg,https://auctions.c.yimg.jp/images.auctions.yahoo.co.jp/image/dr000/auc0110/users/286e04a82d0f6ca069acee8900db854be019b259/i-img640x480-1604131552beblum16373.jpg,https://auctions.c.yimg.jp/images.auctions.yahoo.co.jp/image/dr000/auc0110/users/286e04a82d0f6ca069acee8900db854be019b259/i-img640x480-16041315527jcsvv16373.jpg,https://auctions.c.yimg.jp/images.auctions.yahoo.co.jp/image/dr000/auc0110/users/286e04a82d0f6ca069acee8900db854be019b259/i-img640x480-1604131552lnpq7t16373.jpg, 110円（税込 121 円） ,"13,000 "
3,(55) 香炉 真鍮製 龍 獅子 / 石 竜,https://page.auctions.yahoo.co.jp/jp/auction/b515341712,b515341712,(55) 香炉 真鍮製 龍 獅子 / 石 竜,incense burner,73466.0,4.0,408c-999c-41b7da1e86ad-b515341712-202011-0322-4239," Auction Templates オクのミカタ ヤフオクの商品追加画像をカンタンに追加. 香炉 ◇寸法と状態 寸法：幅16 奥行き12 高さ14 ㎝ 大体の寸法です。 状態；経年の傷み、汚れ、サビあります。 細かい所を気にされる方は入札を控えてください。 ◇注意事項 納金金額は落札金額＋送料です。 ノークレーム、ノーリターンでお願いいします。 受取連絡が出来る落札者のみ入札をお願いいたします。 大きさを比較する物は含まれません。 写真の色はお使いのモニターによって見え方が異なります。また光の加減により正確な色が写っていません。 落札から 48時間以内のご連絡、3日以内にご入金可能な方。 大変申し訳ございません。勝手ながら評価などよりお取引に不安を感じた時には入札を取り消しさせていただく場合があります。 土日祝日に発送、連絡、質問の答える事が出来ませんのでご了承下さい。 迅速な発送を心がけておりますが、 年末年始、ゴールデンウィーク、お盆などの長期連休が重なった場合や、諸事情により発送が遅れてしまう場合もございますのでご了承下さい。 ◆同梱、取り置きに付いて。 私供が同梱出来ると判断しました出品品だけ。 同週2出品だけと去せて下さい。 最初の出品品を落札されまして、最初の連絡で同梱、取り置きの連絡をもらいました時だけです。 その時送料が変わる事が有りますので同梱しまして送料、梱包材費を含め連絡します。 大きな出品品は出来ません。 ◇送料 発送方法：ゆうパック 広島：1,010円 近畿;奈良 滋賀 京都 大阪 兵庫 和歌山：1,080円 中国;岡山 鳥取 島根 山口：1,080円 四国;徳島 香川 愛媛 高知：1,080円 九州;福岡 佐賀 長崎 熊本 大分 宮崎 鹿児島：1,080円 北陸;富山 石川 福井：1,180円 東海;静岡 愛知 岐阜 三重：1,180円 関東;茨城 栃木 群馬 埼玉 千葉 東京 神奈川 山梨：1,290円 信越;新潟 長野：1,290円 東北：青森 岩手 宮城 秋田 山形 福島：1,500円 沖縄：1,480円 北海道：1,720円 発送方法はゆうパックだけです。 ◇その他 基本的に、商品は一点ものとなり、中古やアンティーク、ヴィンテ－ジ品を数多く扱っております。・古いモノですので完全な動作や状態を保証できません。メンテナンス・修理が必要な場合落札者様でお願いします。その他不明な点がございましたら、当方がわかる範囲にてお答えいたします。動作確認時から日数を経ることにより必ずしもその状態のままとは限りません。未使用やデッドストック品も含め今後の動作の保証はできません。専門的な知識のない商品も数多くあり、完全な動作・状態・作製年代などを保証できません。商品特性をご理解いただき全商品ノークレームノーリターンでお願いします。 年代、産地は素人見です。 + + + この商品説明はオークションプレートメーカー２で作成しました + + + No.202.001.004 ", 傷や汚れあり ,https://auctions.c.yimg.jp/images.auctions.yahoo.co.jp/image/dr000/auc0111/users/61fbc5c237ddd90e088a37cda6d01586819a624f/i-img600x450-1604195829ajzxvo436.jpg,https://auctions.c.yimg.jp/images.auctions.yahoo.co.jp/image/dr000/auc0111/users/61fbc5c237ddd90e088a37cda6d01586819a624f/i-img600x312-1604195829araj03436.jpg,https://auctions.c.yimg.jp/images.auctions.yahoo.co.jp/image/dr000/auc0111/users/61fbc5c237ddd90e088a37cda6d01586819a624f/i-img600x308-1604195829a7fywj436.jpg,https://auctions.c.yimg.jp/images.auctions.yahoo.co.jp/image/dr000/auc0111/users/61fbc5c237ddd90e088a37cda6d01586819a624f/i-img600x450-1604195829u2ro2y436.jpg,https://auctions.c.yimg.jp/images.auctions.yahoo.co.jp/image/dr000/auc0111/users/61fbc5c237ddd90e088a37cda6d01586819a624f/i-img600x450-1604195829s1c3yo436.jpg,https://auctions.c.yimg.jp/images.auctions.yahoo.co.jp/image/dr000/auc0111/users/61fbc5c237ddd90e088a37cda6d01586819a624f/i-img600x450-1604195829id7v63436.jpg,https://auctions.c.yimg.jp/images.auctions.yahoo.co.jp/image/dr000/auc0111/users/61fbc5c237ddd90e088a37cda6d01586819a624f/i-img600x450-1604195829mdlhej436.jpg," 4,500","8,000"
4,翡翠香炉 2個セット 古玩 中国美術 唐物 玉石 遊環 耳付彫刻 三足 香道具 ヒスイ 古美術 骨董 東洋彫刻 画像25枚掲載中,https://page.auctions.yahoo.co.jp/jp/auction/m439301083,m439301083,翡翠香炉 2個セット 古玩 中国美術 唐物 玉石 遊環 耳付彫刻 三足 香道具 ヒスイ 古美術 骨董 東洋彫刻 画像25枚掲載中,incense burner,73466.0,5.0,4bce-82ce-b713f8fe6d1a-m439301083-202011-0322-4239, xvpbvx ご落札者様のために誠心誠意ご対応させていただきます 商品を手に取りご覧いただけませんので どうぞお気軽にご質問下さい 一期一会をお楽しみ下さい＼(^o^)／ 翡翠香炉 2個セット 古玩 中国美術 唐物 玉石 遊環 耳付彫刻 三足 香道具 ヒスイ 古美術 骨董 東洋彫刻 画像25枚掲載中 商品説明 1.翡翠香炉 2個セットになります 2.サイズ： 大・横１８cm 高さ１９cm（台含む） 小・横１０cm 高さ９cm 商品状態 傷や汚れあり 大きい方は使用感、カケがあります とても古いお品物になりますので、お伝えしきれないキズ・汚れがございます 状態は画像にてご確認下さい（画像が全てとなります） フォトアップの画像が閲覧できない場合は恐縮ではございますがご質問からお知らせ下さい（掲載をやり直します） ご理解いただきご入札をお願い申し上げますm(__)m ご注意 必ずお読み下さい（神経質な方はご入札をご遠慮ください） ☆商品状態について☆ 掲載画像が全てとなりますので、必ず画像をご確認下さい ＰＣの状態や環境状況により商品の写真の色合いが異なって見える場合もございます アンティーク、ヴィンテージ商品（必ず使用感があります）の出品になりますので全て情報を掲載することは困難です よって、画像や説明文以外にも汚れやスレなど経年による劣化、瑕疵、損傷、補修跡があることを前提にご入札下さい ☆フォトアップ掲載期限切れについて☆ フォトアップの画像が閲覧できない場合は恐縮ではございますがお知らせ下さい 掲載をやり直しますm(__)m ☆オークション途中取り消しについて☆ 仕入れを大幅に下回るなど希望金額に満たない場合は、オークションを途中で取り消すことがございます 希望金額等のご質問もお受けできませんので予めご了承下さい ☆ご入札について☆ 画像をよくご覧いただき、本文を十分お読みになったうえでご入札下さい 落札後の返品は一切受け付け致しませんので予めご了承下さい 新規の方や評価が著しく悪いご入札者の方は、入札を削除させて頂く場合がございます 前述の条件にて落札を希望される方は、事前に質問欄にご購入の意思をお伝えしていただきご入札下さい ☆ご落札後について☆ ご落札者様から3日過ぎましてもご連絡いただけない場合は、残念ながらご落札者様都合のキャンセル扱いとさせていただきます 評価をご希望の方はその旨お伝え下さい 評価させていただきますm(__)m ☆発送方法のご案内☆ 発送は、ゆうパックの着払い８０サイズ（発送元:宮城県）を予定しています。 ※※商品の形状・破損の恐れがある場合などサイズの変更がある場合がありますのでご慮賞下さい※※ ※送料は落札者様のお住まいの地域、商品サイズによって変動致します。詳しくは下記URLにてお調べください。 http://www.post.japanpost.jp/service/you_pack/charge/ichiran/06.html 着払いでの発送となりますのでご入金は落札価格のみとなります。 ご落札後（ご入金の確認後）、早急なご対応を心掛けておりますが発送までに最大で５営業日のご猶予をいただいております 予めご了承下さい ☆直接引取りについて☆ 直接引取り大歓迎です＼(^o^)／ ご落札後、所在をお伝えします ☆取引ナビについて☆ 営業時間 10：00～17：00 定休日 日曜・祝日 ☆ご返品について☆ 落札された商品が偽物や違法商品であった場合、落札金額と送料の全額をご返金致します 但し、恐縮ではございますが鑑定をされた店舗・鑑定人・方法を教えていただき確認をとらせていただく場合がございますm(__)m その他の理由によるご返品はお受けしません ノーリターン・ノークレームになります ☆最後に☆ この度は、弊社の商品をご覧いただき誠にありがとうございましたm(__)m 大切な商品が到着するまで、誠心誠意ご対応させていただきますので何卒宜しくお願い申し上げます ※ご要望など何かございましたら何なりとお気軽にご指示下さい , 傷や汚れあり ,https://auctions.c.yimg.jp/images.auctions.yahoo.co.jp/image/dr000/auc0110/users/ba19448de087053f89fbed1eb99436e5e4760942/i-img1200x802-1601884129cphb56776760.jpg,https://auctions.c.yimg.jp/images.auctions.yahoo.co.jp/image/dr000/auc0110/users/ba19448de087053f89fbed1eb99436e5e4760942/i-img1200x802-1601884131hzdb8f860220.jpg,https://auctions.c.yimg.jp/images.auctions.yahoo.co.jp/image/dr000/auc0110/users/ba19448de087053f89fbed1eb99436e5e4760942/i-img1200x802-1601884133fvskqy1138588.jpg,https://auctions.c.yimg.jp/images.auctions.yahoo.co.jp/image/dr000/auc0110/users/ba19448de087053f89fbed1eb99436e5e4760942/i-img1200x802-16018841357fi68b860220.jpg,https://auctions.c.yimg.jp/images.auctions.yahoo.co.jp/image/dr000/auc0110/users/ba19448de087053f89fbed1eb99436e5e4760942/i-img1200x802-1601884141maptmv1038770.jpg,https://auctions.c.yimg.jp/images.auctions.yahoo.co.jp/image/dr000/auc0110/users/ba19448de087053f89fbed1eb99436e5e4760942/i-img1200x802-1601884142fcs72b26980.jpg,https://auctions.c.yimg.jp/images.auctions.yahoo.co.jp/image/dr000/auc0110/users/ba19448de087053f89fbed1eb99436e5e4760942/i-img1200x802-1601884144tlieht860238.jpg,," 33,550"
5,沈香香木8.49g（伽羅沈香白檀香木）,https://page.auctions.yahoo.co.jp/jp/auction/f447051896,f447051896,沈香香木8.49g（伽羅沈香白檀香木）,incense burner,73466.0,6.0,4327-85d4-c28317fb26fa-f447051896-202011-0322-4239, 常温でも沈香特有の香りが漂います。甘みの中にほんの少し酸味がある心地よい香りです。ぜひお試しください！ , 未使用に近い ,https://auctions.c.yimg.jp/images.auctions.yahoo.co.jp/image/dr000/auc0110/users/f9153336bdf1c97012a34f2ff41dd995c6c96ba1/i-img720x720-1604122472bj165f434467.jpg,https://auctions.c.yimg.jp/images.auctions.yahoo.co.jp/image/dr000/auc0110/users/f9153336bdf1c97012a34f2ff41dd995c6c96ba1/i-img720x720-1604122472nt9vb5434467.jpg,,,,,," 1,100","7,400"
6,小山智徳 作 香炉 新品 未使用 犬？,https://page.auctions.yahoo.co.jp/jp/auction/k509736085,k509736085,小山智徳 作 香炉 新品 未使用 犬？,incense burner,73466.0,7.0,4f13-a375-006aad803f81-k509736085-202011-0322-4239, リサイクルから出ました！撮影するので開封しただけです！ゆうパック一律2000円簡単決算です , 未使用 ,https://auctions.c.yimg.jp/images.auctions.yahoo.co.jp/image/dr000/auc0111/users/f30852a8b859a794cc9b803fc072f699fdb95101/i-img1200x600-16043014612yv3vt657120.jpg,https://auctions.c.yimg.jp/images.auctions.yahoo.co.jp/image/dr000/auc0111/users/f30852a8b859a794cc9b803fc072f699fdb95101/i-img1200x600-1604301471qtinda377788.jpg,https://auctions.c.yimg.jp/images.auctions.yahoo.co.jp/image/dr000/auc0111/users/f30852a8b859a794cc9b803fc072f699fdb95101/i-img600x1200-1604301485of4dqp657148.jpg,,,,," 40,000","50,000"
7,【最上】初出し 銀造香炉 双鯉香炉　美術品 650g 時代煎茶道具 古玩仏具 香道 金工細工 ,https://page.auctions.yahoo.co.jp/jp/auction/512208979,512208979,【最上】初出し 銀造香炉 双鯉香炉　美術品 650g 時代煎茶道具 古玩仏具 香道 金工細工 ,incense burner,73466.0,8.0,-41f8-b646-4631042c1691-512208979-202011-0322-4239, 希少品！ 【最上】初出し 銀造香炉 双鯉香炉 美術品 650g 時代煎茶道具 古玩仏具 香道 金工細工 -------商品説明---------------------------------- 【商品情報】 サイズ：高さ15.5㎝・直径10.0㎝・650g ------- 注意事項 ---------------------------------- ★【状態】 商品自体がたいへん古いものでございますので経年によるスレや傷みがございます。 ※神経質な方の入札はご遠慮ください。 画像たくさん載せておりますのでお確かめください。（※画像に乗っている物が全てです。） 素人の為、タイトルに誤りがあるかもしれません。鑑定書などは付随しておりませんのでお安く出品しております。画像にてご判断いただける方のご入札お願いいたします。 ご新規様のご入札で不審に感じた場合は入札を取消いたします。お取引はご遠慮とさせていただきます。それでもご興味がある場合は必ずご入札の意思をご質問よりお願いします。 ★【落札後の注意】 落札後のキャンセルはご遠慮ください。落札者様へのご連絡を申し上げてから3日過ぎましてもご連絡頂けない場合は、誠に残念ながら落札者様都合のキャンセルとさせて頂きますことをご了承ください。 こちらからの評価はしておりませんので、予めご了承くださいませ。土日はお返事ができない場合があります事ご了承くださいませ。 ★【返品について】 基本的には返品はお断りしておりますが当方に不備があり、お取引ナビよりご連絡をいただけた場合は返品をお受けいたします。 落札後のキャンセルはお受けできません。ノークレームノーリターンにてお願いしております。 ------- 発送方法 ---------------------------------- 大阪よりゆうパックにてお届けします。その他定形外やレターパックも対応します。 ------- 支払方法 ---------------------------------- 3/1日よりヤフオクの決済方法が簡単決済のみとなりました。 , 目立った傷や汚れなし ,https://auctions.c.yimg.jp/images.auctions.yahoo.co.jp/image/dr000/auc0110/users/17b3ce4dbff73e53aa79d31fc5a0278c49647bef/i-img720x968-1603290653ckd4gz1497462.jpg,https://auctions.c.yimg.jp/images.auctions.yahoo.co.jp/image/dr000/auc0110/users/17b3ce4dbff73e53aa79d31fc5a0278c49647bef/i-img720x968-1603290653m07z5w56210.jpg,https://auctions.c.yimg.jp/images.auctions.yahoo.co.jp/image/dr000/auc0110/users/17b3ce4dbff73e53aa79d31fc5a0278c49647bef/i-img720x968-16032906538u7kfn1540907.jpg,https://auctions.c.yimg.jp/images.auctions.yahoo.co.jp/image/dr000/auc0110/users/17b3ce4dbff73e53aa79d31fc5a0278c49647bef/i-img720x968-1603290653lm6bim72373.jpg,https://auctions.c.yimg.jp/images.auctions.yahoo.co.jp/image/dr000/auc0110/users/17b3ce4dbff73e53aa79d31fc5a0278c49647bef/i-img720x968-16032906536xq39w34785.jpg,https://auctions.c.yimg.jp/images.auctions.yahoo.co.jp/image/dr000/auc0110/users/17b3ce4dbff73e53aa79d31fc5a0278c49647bef/i-img720x968-1603290663dxmoas1660856.jpg,https://auctions.c.yimg.jp/images.auctions.yahoo.co.jp/image/dr000/auc0110/users/17b3ce4dbff73e53aa79d31fc5a0278c49647bef/i-img720x968-1603290663bxfanx33390.jpg," 15,000","32,000"
8, 『佐野宏采作　香炉 』★ 伝統の 高岡銅器　木瓜山水 銅器香炉,https://page.auctions.yahoo.co.jp/jp/auction/v760545614,v760545614, 『佐野宏采作　香炉 』★ 伝統の 高岡銅器　木瓜山水 銅器香炉,incense burner,73466.0,9.0,4c88-8e30-711ebd392dc8-v760545614-202011-0322-4239," 「宏采作の香炉」 大事にお使いいただけることを願って、出品しました。●商品説明・重厚なつくりが、存在感をアッピールしています。・サイズ：約10.8ｃｍ×約9.6ｃｍ×約12.5ｃｍ（高さ） 重さ 約760ｇ●注意事項・われ、かけなどのダメージなく,まずまずのコンディションの商品ですが,経年のモノですので、使用によるスレやアタリ、小キズ等の欠点（参照 画像8～10）はあります。・写真の色等は、実際の現物と差異があることがあります。あくまでも古い物なので、それを踏まえた上でよく画像をご覧頂き、ご入札ください。・ノークレーム・ノーリターンにてよろしくお願いします。●支払い、配送・落札者負担 60サイズ予定 ", 目立った傷や汚れなし ,https://auctions.c.yimg.jp/images.auctions.yahoo.co.jp/image/dr000/auc0111/users/729ae008511bf37445c4fc8b623fd5bbf55ebae0/i-img1119x1200-1604353240jmhsht2217987.jpg,https://auctions.c.yimg.jp/images.auctions.yahoo.co.jp/image/dr000/auc0111/users/9/0/4/8/kotiaya-img1200x1050-1604352428sxnwti22491.jpg,https://auctions.c.yimg.jp/images.auctions.yahoo.co.jp/image/dr000/auc0111/users/9/0/4/8/kotiaya-img1200x900-1604352428g1r5sj22491.jpg,https://auctions.c.yimg.jp/images.auctions.yahoo.co.jp/image/dr000/auc0111/users/9/0/4/8/kotiaya-img1200x900-1604352428qqxmmn22491.jpg,https://auctions.c.yimg.jp/images.auctions.yahoo.co.jp/image/dr000/auc0111/users/9/0/4/8/kotiaya-img1200x839-1604352428krhxly22491.jpg,https://auctions.c.yimg.jp/images.auctions.yahoo.co.jp/image/dr000/auc0111/users/729ae008511bf37445c4fc8b623fd5bbf55ebae0/i-img1200x900-1604358187nbu3y1702157.jpg,https://auctions.c.yimg.jp/images.auctions.yahoo.co.jp/image/dr000/auc0111/users/729ae008511bf37445c4fc8b623fd5bbf55ebae0/i-img1200x900-16043582002ued4f2250488.jpg," 7,500","9,500"
9,伽羅《青柳》香道具 中国美術 志野流 松栄堂 鳩居堂 沈香 奇 楠香 沈水香木 お茶会 ,https://page.auctions.yahoo.co.jp/jp/auction/b514666946,b514666946,伽羅《青柳》香道具 中国美術 志野流 松栄堂 鳩居堂 沈香 奇 楠香 沈水香木 お茶会 ,incense burner,73466.0,10.0,4d13-a74b-a8a6d2fb3495-b514666946-202011-0322-4239, 商品説明伽羅『銘 青柳』です！とても良い香りのする文句なしの一品です。小さいですが沈水します！注意事項・すべての出品物は骨董品、中古品ですので、説明しきれない時代物としてのスレ、小傷、変色、等ございます。そういった経年の欠点を気になさる方、神経質な方は入札をされない方が良いかと思います。そういう時代感等をご理解していただける方からの入札お待ちしております。また新規の方、極端に悪い評価が多い方のご入札は取り消しさせていただくことがございますので、お求めの際は質問欄より一言頂けると幸いです。・特殊機材による撮影、計測等は行っていませんので、写真による色の誤差や実寸の誤差が生じる場合もございます。・基本的には売り切りですが希望価格に達しない場合取り消しする事がございます。ご了承の上、御入札の程よろしくお願いいたします。・原則ご落札後、一週間以内にご入金出来る方のみご入札お願いします。分かる範囲内でお答え致しますのでご不明点等ございましたらお気軽にご質問ください。落札された場合誠心誠意ご対応させて頂きます , 未使用に近い ,https://auctions.c.yimg.jp/images.auctions.yahoo.co.jp/image/dr000/auc0110/users/3f4c0ae4df1cc808047e2cf17d89df4da50b8fc2/i-img1200x1200-1603945318q7chqf11720.jpg,https://auctions.c.yimg.jp/images.auctions.yahoo.co.jp/image/dr000/auc0110/users/3f4c0ae4df1cc808047e2cf17d89df4da50b8fc2/i-img1200x1200-1603945318cwhutr11720.jpg,https://auctions.c.yimg.jp/images.auctions.yahoo.co.jp/image/dr000/auc0110/users/3f4c0ae4df1cc808047e2cf17d89df4da50b8fc2/i-img1200x1200-1603945318b0dqwt11720.jpg,https://auctions.c.yimg.jp/images.auctions.yahoo.co.jp/image/dr000/auc0110/users/3f4c0ae4df1cc808047e2cf17d89df4da50b8fc2/i-img1200x1200-1603945318bfvqa511720.jpg,,,," 2,000","30,000"
10,[d90]九谷焼　洋山　香炉　金彩 青粒鉄仙　鉄線　在銘,https://page.auctions.yahoo.co.jp/jp/auction/e468636339,e468636339,[d90]九谷焼　洋山　香炉　金彩 青粒鉄仙　鉄線　在銘,incense burner,73466.0,11.0,48a6-ae5c-5943efad5ea4-e468636339-202011-0322-4239, d90九谷焼 洋山 香炉 金彩 青粒鉄仙 鉄線 在銘 中古品です小スレ・少しの汚れがあります。サイズ高さ 11.5cmくらいです（蓋含む）重さ510gくらいですお支払い金額は【落札額】+【送料】です。送料 ・ ゆうパック【関東 近畿 北陸】800円【東北 中国 四国】900円【九州1000円 北海道1300円 沖縄1400円】（補償あり・荷物追跡あり・配達時間指定可・こわれもの扱い）上記以外の発送方法は対応しておりません。よろしくお願いします。d909s C , やや傷や汚れあり ,https://auctions.c.yimg.jp/images.auctions.yahoo.co.jp/image/dr000/auc0109/users/1e6026611003dc328eca5a07e5939fd1e6a9daaa/i-img885x931-1599526273qxjduh3320474.jpg,https://auctions.c.yimg.jp/images.auctions.yahoo.co.jp/image/dr000/auc0109/users/1e6026611003dc328eca5a07e5939fd1e6a9daaa/i-img1026x817-1599526272tcfjnx2099.jpg,https://auctions.c.yimg.jp/images.auctions.yahoo.co.jp/image/dr000/auc0109/users/1e6026611003dc328eca5a07e5939fd1e6a9daaa/i-img1200x942-1599526273hefq9c3300590.jpg,https://auctions.c.yimg.jp/images.auctions.yahoo.co.jp/image/dr000/auc0109/users/1e6026611003dc328eca5a07e5939fd1e6a9daaa/i-img1200x1105-1599526272ebdaff3271277.jpg,https://auctions.c.yimg.jp/images.auctions.yahoo.co.jp/image/dr000/auc0109/users/1e6026611003dc328eca5a07e5939fd1e6a9daaa/i-img1200x751-1599526273cb2bxa3279441.jpg,https://auctions.c.yimg.jp/images.auctions.yahoo.co.jp/image/dr000/auc0109/users/1e6026611003dc328eca5a07e5939fd1e6a9daaa/i-img1200x855-1599526273fvefav3665220.jpg,," 7,500","8,500"
11,送料無料 仏教美術 銅製 香炉 燭台 仏具 箱付 JP257,https://page.auctions.yahoo.co.jp/jp/auction/s779731667,s779731667,送料無料 仏教美術 銅製 香炉 燭台 仏具 箱付 JP257,incense burner,73466.0,12.0,4a08-8511-7855f3aa0c6a-s779731667-202011-0322-4239, 仏教美術 銅製 香炉 燭台 仏具 箱付 サイズ 香炉 約１２．７×６．３×１１．５ｃｍ燭台 約１１．５×６．７×３８ｃｍ 状 態 画像参照 *経年の擦れ、汚れ等はご承知下さい。* 説 明 仏教美術 銅製 香炉 燭台 仏具 箱付 です。 付属品【箱付】 新品と明記の無い商品はすべて時代のあるお品ですので ご理解の方のみご入札下さいますようお願い致します。 新品（完全品）をお求めの方は、入札をお控えください。 安心してオークションをお楽しみいただくために、ご入札の前に取引のご案内をご確認ください。 ■発送方法■ ゆうパック ※商品などにより、佐川急便・ヤマト運輸を利用する場合もございます。 ■送 料■ 全国一律 送料無料 ※商品によってはエクスバッグ・定形外などの対応もさせていただきますので、ご希望がございましたらご相談ください。 ■お支払方法■ 郵便振り込み 銀行振り込み ヤフーかんたん決済（クレジット） 落札されますと、Yahoo!から自動で落札通知メールがお客様にお送りされ、 そこに当店からのご案内文を記載しておりますので、ご確認くださいませ。 ご連絡のやりとりは、オーダーフォームをご利用ください。 連絡掲示板・お電話・FAXでも大丈夫です。 画像の掲載には実物に出来る限り近づけるよう努めておりますが ご使用のパソコンの種類によっては若干異なって見える場合がございます。 お分かりづらい点などございましたら、ご入札前にお問い合わせ下さいませ。 , やや傷や汚れあり ,,,,,,,,," 8,000 "
12,FQ017干支竜/渦巻き竜/香炉/銅ストーブ/ミニ/竜が昇る/竜形香炉/小龍の灰皿 銅製/銅器/動物/風水/福寿/置物/財運グッズ/装飾品/工芸品,https://page.auctions.yahoo.co.jp/jp/auction/n464942661,n464942661,FQ017干支竜/渦巻き竜/香炉/銅ストーブ/ミニ/竜が昇る/竜形香炉/小龍の灰皿 銅製/銅器/動物/風水/福寿/置物/財運グッズ/装飾品/工芸品,incense burner,73466.0,13.0,4f91-a038-a1c6bc7a7a6c-n464942661-202011-0322-4239," FQ017干支竜/渦巻き竜/香炉/銅ストーブ/ミニ/竜が昇る/竜形香炉/小龍の灰皿 銅製/銅器/動物/風水/福寿/置物/財運グッズ/装飾品/工芸品""【規格】直径約6cm*内径約3.2cm*高さ約4.5cm【材質】純銅【重量】約159g""佐川急便Yahoo!かんたん決済（詳細）★Yahoo！簡単決済★落札後72時間以内にご連絡いただけない場合及び1週間以内お支払いがない場合はキャンセルとさせていただきます。落札者を削除すると、システムより自動的に落札者に悪い評価がつきます。ノークレーム、ノーリターンでお願い致します。発送詳細 □佐川急便全国送料無料★入金の確認した後、5-7営業日以内出荷いたします。順調であれば、3-5営業日以内出荷できます。(複数の商品がご落札いただいた場合では、商品の具合により、同梱発送ができます。佐川急便で配達させて頂きます。)注意事項 □★ 何か問題がございましたら先に連絡してください。こちらは最善の対処を取らせて頂きますので、むやみにクレームしないでください。★素人採寸ですので参考までにお願いします★掲載の商品画像と実際の色は、撮影の状況、モニター等で異なりますのでご了承ください。★只今倉庫保管のお品物に関しましてはスタッフの調整が困難ですので 直接のお引取りは対応しておりません。商品の返送先が異なりますので、お客様のご判断でのご返送はお控えください【ご連絡が無い場合の商品のご返送はお受け取りできません】★スムーズに取引できますように心がけておりますので、どうぞよろしくお願いいたします★品質に極端なこだわりをお持ちの方、極端に神経質な方はご入札ご遠慮ください，返品は対応していません★基本的に入札後、落札後のキャンセルはお受けいたしておりません★落札後は原則的にノークレーム、ノーリターンでお願い致します。★商品が到着しましたら、不良、破損がないかご確認ください。万一破損等ございましたら、一週間以内にご連絡ください。お時間がたちますと、交換等できない場合がございます。★商品の在庫がある場合は早急に交換させていただきますが、欠品の場合は全額返金等により対応させていただきます.（ 天候等の影響で遅延になる場合があります。ご了承ください。年末年始?お盆?ゴールデンウィークなど特別期間は発送日が不安定になる場合がございます）★著しく評価の悪い方、新規の方は当方の基準で入札を削除する場合があります★落札後12時間以内にご連絡お願いまします。?可能な限り、商品の状態はお伝えする様にしておりますが、伝えきれない場合や、上手い修復箇所は、気が付かない場合がありますので、写真や質問にて納得された上でのご入札をお願い致します。※ 初期不良、商品の誤送等がございましたら、必ず当店までご連絡ください（突然の悪い評価でのご連絡はご遠慮下さい）※ 商品は細心の注意を払い検品しておりますが万が一、不良品がございましたら至急取引ナビよりご連絡下さい。大変希な事ではございますが、その際は評価を含め予めご理解を頂ける方 のみのご参加をお願いいたします。申し訳ありませんがご了承ください。 在庫がある場合には交換、ない場合には返金のご対応をさせて頂きます。返品?交換商品は、 3日以内未使用に限ります、3日を過ぎた場合は、返品?交換および返金いたしかねます。◎ 商品の在庫がある場合は早急に交換させていただきますが、欠品の場合は全額返金等により対応させていただきます.◎商品の返送先が異なりますので、お客様のご判断でのご返送はお控えください【ご連絡が無い場合の商品のご返送はお受け取りできません】★ご入札頂いた時点で、本文記載事項にすべて同意頂いたものと判断致します。この商品説明は オークション落札相場サイト「オークファン」出品テンプレート で作成されています。Powered by aucfan.com ", 未使用 ,https://auctions.c.yimg.jp/images.auctions.yahoo.co.jp/image/dr000/auc0111/users/b44a2b521bfa3ff7cffcf1dd15151df2840fe388/i-img432x447-1604284364wqo30w58711.jpg,https://auctions.c.yimg.jp/images.auctions.yahoo.co.jp/image/dr000/auc0111/users/b44a2b521bfa3ff7cffcf1dd15151df2840fe388/i-img405x433-1604284364frtjyb58711.jpg,https://auctions.c.yimg.jp/images.auctions.yahoo.co.jp/image/dr000/auc0111/users/b44a2b521bfa3ff7cffcf1dd15151df2840fe388/i-img442x407-1604284364av0r6f58711.jpg,,,,, 1円（税込 1 円） ,"13,300 "
13,香炉　高級感,https://page.auctions.yahoo.co.jp/jp/auction/k507203351,k507203351,香炉　高級感,incense burner,73466.0,14.0,4ec0-b93f-92b558ed1afc-k507203351-202011-0322-4239, 金属製香炉。私見ですが中々、気品を感じる香炉かと思います。画像７，８，９，１０にあります4面に柄が施されています。画像６の確認は難しいのですが「翼雲壽」の様な刻印が見られますが詳細は不明です。サイズ高さ１８×横２０ｃｍ。重さは約４．５ｋｇです。ご入札よろしくお願い致します。 , 目立った傷や汚れなし ,https://auctions.c.yimg.jp/images.auctions.yahoo.co.jp/image/dr000/auc0110/users/966bda64e5a6b20776d0e1c4d05116990861cb2d/i-img512x512-1603933822v3bveb436550.jpg,https://auctions.c.yimg.jp/images.auctions.yahoo.co.jp/image/dr000/auc0110/users/966bda64e5a6b20776d0e1c4d05116990861cb2d/i-img512x512-1603933822heuqoi2143.jpg,https://auctions.c.yimg.jp/images.auctions.yahoo.co.jp/image/dr000/auc0110/users/966bda64e5a6b20776d0e1c4d05116990861cb2d/i-img512x512-1603933822kquspp415129.jpg,https://auctions.c.yimg.jp/images.auctions.yahoo.co.jp/image/dr000/auc0110/users/966bda64e5a6b20776d0e1c4d05116990861cb2d/i-img512x512-1603933822axo130447853.jpg,https://auctions.c.yimg.jp/images.auctions.yahoo.co.jp/image/dr000/auc0110/users/966bda64e5a6b20776d0e1c4d05116990861cb2d/i-img512x512-1603933929cycdku2060964.jpg,https://auctions.c.yimg.jp/images.auctions.yahoo.co.jp/image/dr000/auc0110/users/966bda64e5a6b20776d0e1c4d05116990861cb2d/i-img512x512-1603933929zhqe9u415210.jpg,https://auctions.c.yimg.jp/images.auctions.yahoo.co.jp/image/dr000/auc0110/users/966bda64e5a6b20776d0e1c4d05116990861cb2d/i-img512x512-1603933929ovhkol447913.jpg," 2,000","10,000"
14,【金文】 時代 宣徳銅 唐竹紋 煎茶 香炉 大明宣徳 年製 在印,https://page.auctions.yahoo.co.jp/jp/auction/w422235689,w422235689,【金文】 時代 宣徳銅 唐竹紋 煎茶 香炉 大明宣徳 年製 在印,incense burner,73466.0,15.0,4fa9-bb8a-69e0f1f2fe58-w422235689-202011-0322-4239, ■商品説明■品名:時代 宣徳銅 唐竹紋 煎茶 香炉 大明宣徳年製 在印寸法: 径12.7cm 高さ7.8cm (※詳細は画像をご覧下さい。※寸法に若干の誤差が生じます。ご承知下さい。)■備考■ :タイトル表記についてタイトルにつきましては箱書や資料等を参考につけさせて頂いております。時代に関しましてはあくまで弊社における見解でございます。様々な時代見解が御座います為弊社では「時代保証」等は行っておりません。すべての商品におきまして画像をよくご覧になられた上で、お客様のご納得の上ご責任を負える範囲でのご入札をお願い致します。 時代物について目に留まる傷や直しは明記致しますが、骨董品、中古品に関しましては現代で作られたものではない為、説明しきれない時代物としてのアタリ・擦れ・ヘコミ・汚れ・変色・小疵・皺等が見られます。そういった時代感（欠点、褪せ）を気になさる方は最初から入札なさらない方が良ろしいかと思われます。これらの理由によるご返品・キャンセルはお断りいたします。上記をご承知の上ご入札を頂けますようお願い致します。補足:送料：落札された後に送料を連絡致します。■状態説明■目に見える範囲のキズは明記いたしますが、すべての出品物は骨董品、中古品ですので、説明しきれない時代物としてのスレや、変色、使用へこみ、高台の使用あたり、小キズ等の欠点はあります。 そういった経年の欠点を気になさる方、神経質な方は最初から入札なさらない方が良いと思います。 そういう時代感等を欠点も含めて愛して頂ける方の入札をお待ちしています。 これらの理由によるご返品・キャンセルはお断りいたします。必ずご了承の上入札お願いします。■注意■お客様都合による入札のキャンセル・取り消しはお受けできませんのでご入札の際は慎重にお願い致します。『入札金額の間違いの場合』最高入札額の変更は可能です。ご自身で入札額の変更を行ってください。次の手順をご参考ください。■入札額の変更■『入札額の変更』を行ったにも関わらず落札者になった場合はそのままお取引をお願いいたします。受容できない場合『落札者都合による削除』を行います。その際Yahoo!より自動的に落札者に「非常に悪い」の評価がつきます。ご承知下さい。■お支払方法■ かんたん決済海外発送対応致します。ご相談ください。■複数落札・同梱について■複数落札については、最初の落札から一週間以内の落札まで合算が可能です。商品の大きさや形状・素材によっては、同梱が不可能な場合もございますのでご了承下さい。（お取置きの場合でも、ご入金は落札後速やかにお願い致します。）※同梱時の複数落札は同一IDで落札お願い致します。■留意■※不審な入札（新規ID・悪戯・冷かし等）と判断した場合、入札を削除する場合がございます。入札を削除する場合、冷静に判断し速やかに実行します。判断基準は弊社独断となります。これは他のご入札者様に不快な思いや被害を避ける手段です。予めご承知下さい。※新規IDの方や悪い評価が多数の方はご入札していただく前に《出品者への質問》へ入札する旨をご連絡ください。ご連絡がない場合入札を削除する事もございます。※金額の誤入札の取り消し、キャンセルはお受けできません。よくご確認の上ご入札をお願いします。※お支払い金額の総額は《落札金額》＋《消費税》＋《送料》となります。落札手数料などは頂いておりません。※ご質問は各商品ページの《出品者への質問》よりお願いします。※ご落札後のご質問はお受け致しかねます。それによる落札者放棄はご遠慮下さい。※商品の性質上文章による細かな状態説明は省略する場合があります。（画像を沢山載せていますので詳しくは画像にてご確認下さい。）※それぞれの品には状態の特性があり、当然の疵や癖は掲載や記載を省く場合がございます。※貴金属類の材質に関する記述は個々商品の刻印等表記を基準としており、材質の純度や真贋を確約するものではありませんので予めご了承下さい。※商品画像は落札日より最長50日間残り、50日を過ぎますと消えます。※ご使用のブラウザやパソコンのモニター環境などによっては、色合いなどが異なって見える場合があります。予めご了承ください。※額裏の金具及び紐に関してはオリジナルのままですので強度を保証できません。ご了承ください。※商品に箱が付属する場合は撮影し掲載します。箱が付属しない場合写真の掲載はございませんが、商品の発送に際し、商品保護・品質維持の為に手持ちの古箱に入れて発送する場合がございます。古箱はあくまで包装の一部であり、合箱等の扱いでは有りませんので、箱そのものの老朽や汚損状態につきましてはご容赦下さい。尚手持ちの古箱がない場合は厳重に梱包した商品単体での発送となります。ご了承下さい。※目に留まる傷は記載しますが、すべての出品物は骨董品、中古品ですので説明しきれない時代物としてのシミ・ヨゴレ・アタリ・スレ・ハゲ・ヤブレ・変色・小疵等見られます。そういった骨董・美術品への理解・造詣をお持ちの方のご入札をお願いします。これらの理由によるご返品・キャンセルはお断りいたします。※時代につきましては、私共の現段階での判断であり、確固たるものではありません。あくまで参考程度とお考え下さい。よって画像を良くご覧になり皆様のご判断でお願い致します。※原則として返品・キャンセルは受付けておりません。取引をキャンセルされる場合は 弊社の意思とは関わりなくYahoo!の評価システムにより自動的に落札者へマイナス評価がつきます。ご注意下さい。※海外へ転送された商品の返品はお受けできません。※営業時間は11時から20時までです。それ以降のお電話・メール・ご質問等は翌日扱いとなります。ご了承下さい。■絵画規定■絵画 Yahoo!オークションでは2017年10月25日から＜絵画の出品に関するルール改定＞が施行されました。弊社では絵画における特定の作者の作品を出品する場合【真作】または【模写】と表題に明記します。【真作】本物である作品。【模写】弊社で判断出来ない場合。上記に該当しない作品（作者が特定できないものの署名落款があるもの、署名落款のないもの）につきましては特に記載はしません。※【真作】と記載された出品作品は真作注1を保証注2を致します。（落札日より2ヶ月以内）注1：真作・贋作の判断は明治以降のお品においては所定鑑定人及び機関が行っております。それ以外では確定たるには至りません。注2：個人的見解を除き公的に認められた所定鑑定人及び機関の鑑定(鑑定書・証明書・作家自身の署名捺印のある書面等)により贋作と判明した場合は、落札代金(送料を含む)をご返金いたします。但し、購入代金の払い戻しをする以外に一切の義務はなく、鑑定料・手数料・損害金・利息・その他の費用の支払いは一切致しません。※鑑定が必要な方はご自身でのお手続きをお願いいたします。代行は行っていません。※作者が特定できない場合、「在銘・在款」という単語、もしくは判読できる銘の全文及び一部のみ記載いたします。その際当然「真作」の単語は用いず、作者を特定できないものの印刷ではない事を表す為「肉筆」という言葉を用いる場合があります。ご了承下さい。宜しくお願い致します。------------------------------------------------------------------------------------神奈川県公安委員会許可第451360022689号美術品商金文淵株式会社------------------------------------------------------------------------------------powered by auction-labo.com , やや傷や汚れあり ,https://auctions.c.yimg.jp/images.auctions.yahoo.co.jp/image/dr000/auc0110/users/b1a08c937ca991e8e1324ac748bfb8091821a750/i-img1200x800-16018734723fxj261032323.jpg,https://auctions.c.yimg.jp/images.auctions.yahoo.co.jp/image/dr000/auc0110/users/b1a08c937ca991e8e1324ac748bfb8091821a750/i-img818x852-1601873484jbn5pw978822.jpg,,,,,," 9,999","10,000"
15,【古銅饕餮文三足香炉】中国古玩 唐物 老銅 銅製 銅器 茶道具 香爐　/獣足 鼎,https://page.auctions.yahoo.co.jp/jp/auction/k502295764,k502295764,【古銅饕餮文三足香炉】中国古玩 唐物 老銅 銅製 銅器 茶道具 香爐　/獣足 鼎,incense burner,73466.0,16.0,423f-83ce-41d1a7898ddd-k502295764-202011-0322-4239," xvpbvx 商品詳細 ご覧いただきありがとうございます。 古い時代のある銅製香炉です。 美しく珍しい形をしております。 この機会をぜひご利用ください。 どうぞよろしくお願い致します。 【ご入札前に下記注意書きも必ずお読みください】 ①近年新規ID様の悪戯入札等が発生しております。つきましては当方では新規ID様及び悪い評価の多いID様のご入札は削除をさせて頂きます。(新規ID様でご購入意思のある方は質問欄よりお問い合わせ下さい。但し質問内容によっては当方の判断でお断りする場合も御座います。)また新規ID様および悪い評価が多いID様以外にもこちらが悪戯入札と判断した場合には入札を削除させて頂く場合もございますので、ご理解のほど宜しくお願い致します。 ②必ず詳細画像をご確認ください。（スマホでは表示されない場合がありますのでPC画面からご覧下さい。） ③オークション形式の場合委託品もありますのであまりにも金額が予想より乖離している商品があった場合は直前で取消しを行う場合もございますのでご了承ください。また入札がない商品につきましても早期終了をする場合もございますのでご理解のほど、宜しくお願い致します。 ④時代、名称、産地などに関しましてはあくまでも個人的な判断でございますので、参考程度にお考え下さい。なお古物ですので、個人的な見立て、意見の相違等のご質問についてはお答えしかねます。ご自身のご判断にて慎重にご入札をお願い致します。 ⑤古いものですので状態はご理解いただき、また品物によって写真では写しきれない細かなキズ等がある場合もありますので、古物に慣れている方、ご理解のある方のみご入札お願いいたします。 ⑥ノークレーム、ノーリターンにてお願い致します。 ⑦時代の雰囲気を損なわない用簡易清掃のみとなっております。 ⑧梱包ダンボールはリユース品を使用しますのでご了承ください。 サイズ 幅15.3cm 奥行き5cm 高さ10cm ※若干の誤差が生じる場合がございます。 発送詳細 ゆうパック 注意事項 ※近年新規ID様の悪戯入札等が発生しております。つきましては当方では新規ID様及び悪い評価の多いID様のご入札は削除をさせて頂きます。(新規ID様でご購入意思のある方は質問欄よりお問い合わせ下さい。但し質問内容によっては当方の判断でお断りする場合も御座います。)また新規ID様および悪い評価が多いID様以外にもこちらが悪戯入札と判断した場合には入札を削除させて頂く場合もございますので、ご理解のほど宜しくお願い致します。 ※商品落札後のご連絡は落札後24時間以内、ご入金に関しましても落札後2日以内にお振込み頂ける方のみご入札下さいますようお願い致します。(商品の受け取り連絡も受け取り当日に必ずお願い致します。) 又、ご入札の取り消しは一切致しておりませんのでくれぐれも慎重にお考えになられた上ご入札お願い致します。 (オークションの流れを乱す行為ですので、その後の当方のオークション参加の拒否(ブラックリスト)させて頂きます。) (2018年10月16日の改定後の料金です） ゆうパック（おてがる版）／ 東京 から発送 ／ 60サイズ 630 円 東京 660 円 青森 岩手 宮城 秋田 山形 福島 茨城 栃木 群馬 埼玉 千葉 神奈川 山梨 新潟 長野 富山 石川 福井 岐阜 静岡 愛知 三重 680 円 滋賀 京都 大阪 兵庫 奈良 和歌山 810 円 鳥取 島根 岡山 広島 山口 徳島 香川 愛媛 高知 1,010 円 北海道 福岡 佐賀 長崎 熊本 大分 宮崎 鹿児島 1,060 円 沖縄 + + + この商品説明は オークションプレートメーカー２ で作成しました + + +No.215.004.007 ", やや傷や汚れあり ,https://auctions.c.yimg.jp/images.auctions.yahoo.co.jp/image/dr000/auc0110/users/1/3/5/7/kobutuzuki-img1200x802-1602501632nlfu6d14374.jpg,https://auctions.c.yimg.jp/images.auctions.yahoo.co.jp/image/dr000/auc0110/users/1/3/5/7/kobutuzuki-img1200x802-1602501632jjcpid14374.jpg,https://auctions.c.yimg.jp/images.auctions.yahoo.co.jp/image/dr000/auc0110/users/1/3/5/7/kobutuzuki-img1200x802-16025016322e1mvj14374.jpg,https://auctions.c.yimg.jp/images.auctions.yahoo.co.jp/image/dr000/auc0110/users/1/3/5/7/kobutuzuki-img1200x802-1602501632lwmn1g14374.jpg,https://auctions.c.yimg.jp/images.auctions.yahoo.co.jp/image/dr000/auc0110/users/1/3/5/7/kobutuzuki-img1200x802-1602501632dlablf14374.jpg,https://auctions.c.yimg.jp/images.auctions.yahoo.co.jp/image/dr000/auc0110/users/1/3/5/7/kobutuzuki-img1200x802-1602501632s6bzyd14374.jpg,,," 35,000"
16,●三足香炉・置物＜中国製：玉石細工の獅子環獣＞　 　//【FK10】,https://page.auctions.yahoo.co.jp/jp/auction/h511976126,h511976126,●三足香炉・置物＜中国製：玉石細工の獅子環獣＞　 　//【FK10】,incense burner,73466.0,17.0,495b-995d-9d2f19ab3338-h511976126-202011-0322-4239, 緑色系の中国美術品香炉//玉石細工の獅子火屋遊環獣足・三足香炉です。制作時期は不明ですが、かなり古い時代物と思われます。大型の香炉であり、各所に独特の獅子柄が配置されていて、置物としても部屋に特有の雰囲気を醸し出します。中古品なので経年によるスレ等若干ありますが、目に付くようなキズ等なく良好な状態です。☆ 商品のサイズ 三足香炉本体サイズ： 175×100mm 高さ：105mm 重量631ｇ 黒褐色台座のサイズ ： 130×95mm 高さ： 35mm◎素人撮影なので色調が幾分異なっています。 ＜画像の１－７の、明るい緑色が実物近似色です。＞送料無料( ゆうパックおてがる版80sizu )でお届けしますので、画像参考の上ノークレーム・ノーリターンにてご検討のほどよろしくお願いします。※品名後部表示の //【FK00】は品名仕分け番号です。 , 目立った傷や汚れなし ,https://auctions.c.yimg.jp/images.auctions.yahoo.co.jp/image/dr000/auc0110/users/9585be52543e92696dcabe641f46b6bc524f8cab/i-img930x701-1603085210ltgyrq16774.jpg,https://auctions.c.yimg.jp/images.auctions.yahoo.co.jp/image/dr000/auc0110/users/9585be52543e92696dcabe641f46b6bc524f8cab/i-img768x790-16030852100in82a6395.jpg,https://auctions.c.yimg.jp/images.auctions.yahoo.co.jp/image/dr000/auc0110/users/9585be52543e92696dcabe641f46b6bc524f8cab/i-img862x636-1603085210egbfwm1928104.jpg,https://auctions.c.yimg.jp/images.auctions.yahoo.co.jp/image/dr000/auc0110/users/9585be52543e92696dcabe641f46b6bc524f8cab/i-img842x628-1603085210imkbm31653806.jpg,https://auctions.c.yimg.jp/images.auctions.yahoo.co.jp/image/dr000/auc0110/users/9585be52543e92696dcabe641f46b6bc524f8cab/i-img1200x734-16030852103ajcu111749.jpg,https://auctions.c.yimg.jp/images.auctions.yahoo.co.jp/image/dr000/auc0110/users/9585be52543e92696dcabe641f46b6bc524f8cab/i-img911x641-1603085210ukum2h13391.jpg,https://auctions.c.yimg.jp/images.auctions.yahoo.co.jp/image/dr000/auc0110/users/9585be52543e92696dcabe641f46b6bc524f8cab/i-img939x836-16030852104ezbkk13136.jpg,," 8,000"
17,極絶★逆流香炉 香台 香皿 還流香 香炉 山と川の風景香炉 雑貨 置物 レトロ インテリア 美術品 アンティーク 癒し 開運 風水 縁起物,https://page.auctions.yahoo.co.jp/jp/auction/j658252863,j658252863,極絶★逆流香炉 香台 香皿 還流香 香炉 山と川の風景香炉 雑貨 置物 レトロ インテリア 美術品 アンティーク 癒し 開運 風水 縁起物,incense burner,73466.0,18.0,45c8-b6fd-27bcb038630e-j658252863-202011-0322-4239, ★商品について：新品未使用 ★商品コード: MA144 ★カラー：写真参照1 ★素材：樹脂国際スピード郵便Yahoo!かんたん決済（詳細）【配送方法、送料】 ●送料：全国一律1500円※在庫の保管状況により、他商品との同梱には対応しておりません。 ●国際スピード郵便の場合：通常の情況 .ご入金頂いてから通常6日から8日程度のお届けです。（天候悪化、祝日、税関検査に伴い配送状況に遅延が発生する場合もあり、予めいご了承してください） ●荷物状況の追跡が可能です。 【注意事項 】■画面の環境により写真のイメージと異なる場合がありますので、あらかじめご確認ください。■オークション終了日から 7日経過してもご連絡&amp;ご決済が完了しない場合、お客様都合の削除処理を行います。この処理を行いますとお客様の評価を Yahoo! のシステム上、自動的に悪いが入ります。 ご注意頂きます様お願い申し上げます■万が一 「不良品」 「ご注文内容異なる」 商品を届く場合は 到着後3日以内に写真を撮ってかメールでご連絡ください。商品の在庫がある場合は交換が可能ですが 欠品の場合は全額返金、誠実に対応させて頂きます。3日を経過した場合は、対応がができきかねますのでお気をつけくださいませ。 ■通関手続きや天候の影響で遅れる場合や発送中に問題が発生した場合は迅速に対応をさせて頂きますので、突然の悪い評価でのご連絡はお控え下さい。 , 未使用 ,https://auctions.c.yimg.jp/images.auctions.yahoo.co.jp/image/dr000/auc0109/users/2afc79587d5de7735770a073f1762b6f160894fe/i-img800x800-1601281329ry55cu24113.jpg,https://auctions.c.yimg.jp/images.auctions.yahoo.co.jp/image/dr000/auc0109/users/2afc79587d5de7735770a073f1762b6f160894fe/i-img800x800-1601281328cspmgn24113.jpg,https://auctions.c.yimg.jp/images.auctions.yahoo.co.jp/image/dr000/auc0109/users/2afc79587d5de7735770a073f1762b6f160894fe/i-img800x800-16012813293iz7xj780148.jpg,https://auctions.c.yimg.jp/images.auctions.yahoo.co.jp/image/dr000/auc0109/users/2afc79587d5de7735770a073f1762b6f160894fe/i-img824x645-1601281328o6xnom777193.jpg,https://auctions.c.yimg.jp/images.auctions.yahoo.co.jp/image/dr000/auc0109/users/2afc79587d5de7735770a073f1762b6f160894fe/i-img822x597-1601281328ne3jpb500168.jpg,,," 4,800","15,800"
18,【最上】極上 初だし 金工細工 古銅製 鳥　香炉 置物 細密造 煎茶飾 置物 盆景 煎茶道具 古美術品,https://page.auctions.yahoo.co.jp/jp/auction/j688958071,j688958071,【最上】極上 初だし 金工細工 古銅製 鳥　香炉 置物 細密造 煎茶飾 置物 盆景 煎茶道具 古美術品,incense burner,73466.0,19.0,46a7-bab5-807beae5273b-j688958071-202011-0322-4239, 希少品！ 【最上】極上 初だし 金工細工 古銅製 鳥 香炉 置物 細密造 煎茶飾 置物 盆景 煎茶道具 古美術品 -------商品説明---------------------------------- 【商品情報】 サイズ：土台直径4.2㎝・高さ17.0㎝・鳥部分7.0㎝×2.2㎝・200g。嘴部分に香棒差し可能 ------- 注意事項 ---------------------------------- ★【状態】 商品自体がたいへん古いものでございますので経年によるスレや傷みがございます。 ※神経質な方の入札はご遠慮ください。 画像たくさん載せておりますのでお確かめください。（※画像に乗っている物が全てです。） 素人の為、タイトルに誤りがあるかもしれません。鑑定書などは付随しておりませんのでお安く出品しております。画像にてご判断いただける方のご入札お願いいたします。 ご新規様のご入札で不審に感じた場合は入札を取消いたします。お取引はご遠慮とさせていただきます。それでもご興味がある場合は必ずご入札の意思をご質問よりお願いします。 ★【落札後の注意】 落札後のキャンセルはご遠慮ください。落札者様へのご連絡を申し上げてから3日過ぎましてもご連絡頂けない場合は、誠に残念ながら落札者様都合のキャンセルとさせて頂きますことをご了承ください。 こちらからの評価はしておりませんので、予めご了承くださいませ。土日はお返事ができない場合があります事ご了承くださいませ。 ★【返品について】 基本的には返品はお断りしておりますが当方に不備があり、お取引ナビよりご連絡をいただけた場合は返品をお受けいたします。 落札後のキャンセルはお受けできません。ノークレームノーリターンにてお願いしております。 ------- 発送方法 ---------------------------------- 大阪よりゆうパックにてお届けします。その他定形外やレターパックも対応します。 ------- 支払方法 ---------------------------------- 3/1日よりヤフオクの決済方法が簡単決済のみとなりました。 , 目立った傷や汚れなし ,https://auctions.c.yimg.jp/images.auctions.yahoo.co.jp/image/dr000/auc0110/users/7/8/6/7/antique8a-img720x961-1602510587xmmzll14393.jpg,https://auctions.c.yimg.jp/images.auctions.yahoo.co.jp/image/dr000/auc0110/users/7/8/6/7/antique8a-img720x961-1602510587auhuoc14393.jpg,https://auctions.c.yimg.jp/images.auctions.yahoo.co.jp/image/dr000/auc0110/users/7/8/6/7/antique8a-img720x961-1602510587bavjqd14393.jpg,https://auctions.c.yimg.jp/images.auctions.yahoo.co.jp/image/dr000/auc0110/users/7/8/6/7/antique8a-img720x961-1602510587nu643f14393.jpg,https://auctions.c.yimg.jp/images.auctions.yahoo.co.jp/image/dr000/auc0110/users/7/8/6/7/antique8a-img720x961-1602510587zolukl14393.jpg,https://auctions.c.yimg.jp/images.auctions.yahoo.co.jp/image/dr000/auc0110/users/7/8/6/7/antique8a-img720x961-1602510587bikyki14393.jpg,https://auctions.c.yimg.jp/images.auctions.yahoo.co.jp/image/dr000/auc0110/users/7/8/6/7/antique8a-img720x961-1602510587kicyza14393.jpg," 10,000","19,000"
19,高野山　蓮華型　柄香炉　　密教法具　仏具,https://page.auctions.yahoo.co.jp/jp/auction/481722389,481722389,高野山　蓮華型　柄香炉　　密教法具　仏具,incense burner,73466.0,20.0,-4fb2-92f9-08b97014b7fd-481722389-202011-0322-4239, 高野山 蓮華型 柄香炉 密教法具 仏具, 傷や汚れあり ,https://auctions.c.yimg.jp/images.auctions.yahoo.co.jp/image/dr000/auc0106/users/4f7147bdb85a50e8760b7621cb0701e2336b07b1/i-img640x480-1592825683xgnvdq9818.jpg,https://auctions.c.yimg.jp/images.auctions.yahoo.co.jp/image/dr000/auc0106/users/4f7147bdb85a50e8760b7621cb0701e2336b07b1/i-img640x480-1592825690vftw2g8227.jpg,https://auctions.c.yimg.jp/images.auctions.yahoo.co.jp/image/dr000/auc0106/users/4f7147bdb85a50e8760b7621cb0701e2336b07b1/i-img640x480-1592825696kntxsx9225.jpg,https://auctions.c.yimg.jp/images.auctions.yahoo.co.jp/image/dr000/auc0106/users/4f7147bdb85a50e8760b7621cb0701e2336b07b1/i-img640x480-1592825700dlorrw8578.jpg,https://auctions.c.yimg.jp/images.auctions.yahoo.co.jp/image/dr000/auc0106/users/4f7147bdb85a50e8760b7621cb0701e2336b07b1/i-img640x480-1592825705so6mil10231.jpg,https://auctions.c.yimg.jp/images.auctions.yahoo.co.jp/image/dr000/auc0106/users/4f7147bdb85a50e8760b7621cb0701e2336b07b1/i-img640x480-1592825711kxmt8s5244.jpg,https://auctions.c.yimg.jp/images.auctions.yahoo.co.jp/image/dr000/auc0106/users/4f7147bdb85a50e8760b7621cb0701e2336b07b1/i-img640x480-15928257158xuuqc9106.jpg,," 20,000"
20,【西】Z638 正園造 銅製鍛金 龍文 香炉 共箱,https://page.auctions.yahoo.co.jp/jp/auction/g483480486,g483480486,【西】Z638 正園造 銅製鍛金 龍文 香炉 共箱,incense burner,73466.0,21.0,45ec-8018-1bb141233d0f-g483480486-202011-0322-4239, 商品説明サイズ 幅 約 10.2ｃｍ 高さ 約 8.7ｃｍ 状態 画像参照注意事項■ 時代・作家名・状態・材質等は主観に基づき確定するものではありません。入札者の見識により自己責任のもとご自身の納得のいく値段でご入札ください。本物保証と記された商品以外は前述した通り、タイトル説明文と異なる場合もあり得る点再度お伝えします。古物中心の出品の為、全て漏らさず情報を掲載することは困難です。よって画像や説明文以外にも汚れスレなど経年損傷あることを前提の入札とし、与えられた画像と説明より入札者の見識による総合的な価値判断に基づいて入札されたものであると判断致します。その為、万が一掲載画像と説明文の情報の遺漏、誤記があった場合においても入札後及び商品受取後にその点を事由とした入札の取消、返品はお受けできません。 予めご了承ください。■ タイトル・商品説明欄に「保証」と記載されたもので 個人的見解を除き公的に認められた所定鑑定人及び機関の鑑定により贋作と判明した場合は、落札代金、送料とも全額ご返金いたします。その際の返金は落札金額と送料のみで鑑定料及びそれに伴う経費は負担出来かねます。■ 画像は現物を撮影しておりますが、照度、遮光、モニターによっては実物と色目が異なって見えることがありますのでご注意ください。■ お取引につきましてのご連絡 ４８時間以内お支払 １週間以内上記の条件でお願いいたします。（守れない方については不本意ながら取引意思がないと判断させていただく可能性があります。）■返品について① 思っていたイメージと違う、などのお客様主観による返品はお受けできませんので、予めご了承ください。② 商品到着後、8日以上経過した商品はいかなる場合も返品をお受けできません。万が一、当店に原因のある場合には、商品到着日より7日以内にご連絡ください。送料当店負担の上、ご返金させていただきます。（ご返金は弊社検品後となります。）■ キャンセルについて基本的には、お受けしておりません。どうしてもキャンセル希望の場合は、落札金額の20パーセントをお支払いいただきます。■ 同梱・まとめて取引について評価が95％未満の方、総合評価が100以下の方は、対応出来ません。（まとめて取引後削除が出来なくなる為、又当方の判断で対応しない事もあります。）■ 支払金額について落札者様に負担いただく金額については落札金額+送料+お振込み手数料です。（支払方法をご指定されましても記載方法以外の対応はできません。）■ その他の留意点評価が著しく悪い方やこちらが不安になる評価をお持ちの方の入札は、予告無く取り消しをさせていただく場合があります。返品、交換、クレーム、補償無し発送方法の際の補償など一切お受けできません。入金確認・郵送については迅速に対応させていただく予定ですが郵便局営業日の都合上、土日・祝日は発送が出来かねます。以上こちらの条件ばかりで申し訳ございませんが上記すべてにご了承いただける方のみ入札のほうよろしくお願いいたします。■この度は当オークションの商品を閲覧していただき、ありがとうございました。他にも多数の商品を取り扱いしておりますので、是非ご覧になってください。送付方法ゆうパック支払方法Yahoo!かんたん決済（詳細）この商品説明は オークション落札相場サイト「オークファン」出品テンプレート で作成されています。Powered by aucfan.com , 目立った傷や汚れなし ,,,,,,,,," 7,980"
21,名工【二代 真清水蔵六】青磁 桶側 盃 共箱 本物保証●京都 青瓷 中国陶磁器 名工 茶道 煎茶 双魚 藏六,https://page.auctions.yahoo.co.jp/jp/auction/m453512950,m453512950,名工【二代 真清水蔵六】青磁 桶側 盃 共箱 本物保証●京都 青瓷 中国陶磁器 名工 茶道 煎茶 双魚 藏六, tea ceremony,73466.0,0.0,425f-9b14-561db3dbe963-m453512950-202011-0322-4239, 作品紹介 －泥中庵 二代 真清水蔵六 青磁 桶側 盃 共箱 径6.2cm 高さ2.9cm 高台内に「蔵六」銘あり 桶側（おけがわ）は、もともと古染付形物水指の一で、円筒状の胴を浅い輪花に絞り、括れに藍で竪筋（たてすじ）を入れ、口廻りに雷文繋ぎを描いたものをいいます。 胴に入れた竪筋が桶の側面を思わせるところからこの名があるといいます。 中国陶磁器に造詣の深い二代蔵六は形は桶側を模し、見込みには映りの良い双魚を模しています。お取引のながれ －当店はヤフオク！ストアなので取引ナビは使用できません。詳しくは→ヘルプ：ヤフオク！ストアから落札した場合 をご覧ください。＜落札＞落札後「取引をはじめる」から「オーダーフォーム」に所定事項をご入力いただき送信お願いします。＜支払＞Yahoo!かんたん決済・銀行振込がご利用いただけます。ヤフオク！ストアのため消費税を頂戴致します。お支払合計金額は 落札代金＋消費税＋送料 となります。＜お問い合わせ＞お問い合わせ・その他のご連絡は、落札ページ内の「取引メッセージ」よりお問合せください。当店からの連絡は「取引メッセージ」でおこないます。ただし個人間の取引ナビとは仕様が異なりますのでご注意ください。＜梱包・発送＞原則、ヤマト運輸でのお届けとなります同梱（同日同IDのみ）をご希望の方（まとめて取引参照）はお手数ですが各オーダーフォーム入力後に決済せずに当店からの送料連絡をお待ちください。入金確認がとれましたら梱包作業に入ります。日時指定などがあれば余裕を持ってご連絡ください。急な日時指定や大きな作品の場合指定できない場合がありますのでご了承ください。サイズ・保険価格により配送業者を変更する場合があります。作品発送時に配送業者、伝票番号などをご連絡させていただきます運送中の破損等は、保険適用による対応となりますので運送会社への迅速なご連絡をお願い致します。＜取引評価＞取引評価は落札者様からお願いします。評価を入れていただいた方にこちらからも評価を入れさせていただきます。落札者様のご都合で評価不要の場合はこちらの評価も入れていただかなくて構いません。出品者からのお願い ーオークションをご覧いただきありがとうございます。この度ヤフオクストア としてデビューいたしました。今度ともよろしくお願いします。梱包発送までできる限り最速対応しますので、落札者様の迅速なお手続きをお願いします。当店は全国美術商連合会に所属する美術商です。近現代美術を中心として幅広いジャンルの美術品を取り扱います。万が一ご落札頂いた作品が法定鑑定機関において偽物と判明した場合には必ず返品に対応致しますのでお申し出ください。ただし数寄者、他業者、識者と言われる方の一方的な意見私見は対象外といたします。また作品鑑定にかかる費用、諸経費は落札者様負担となりますのでご了承ください。当オークションは店頭販売品や委託出品者の事情から、締切前に出品者の都合で早期終了する場合がございます。出品作品は原則として古物となりますので経年変化などある場合があります。ご理解ご了承の上ご入札ください。作品の状態につきましては気付く限り申告させていただきますが作品画像をよくご確認ください。付属品はあくまでも付属品としてお考えください。 , 目立った傷や汚れなし ,https://auctions.c.yimg.jp/images.auctions.yahoo.co.jp/image/dr000/auc0111/users/927d4182550299b3fbe2f4ff0b64435e471fb6a4/i-img1200x900-1604293316bqhxjx80783.jpg,https://auctions.c.yimg.jp/images.auctions.yahoo.co.jp/image/dr000/auc0111/users/927d4182550299b3fbe2f4ff0b64435e471fb6a4/i-img1200x900-1604293316zaabs280783.jpg,https://auctions.c.yimg.jp/images.auctions.yahoo.co.jp/image/dr000/auc0111/users/927d4182550299b3fbe2f4ff0b64435e471fb6a4/i-img1200x900-1604293316yde11780783.jpg,https://auctions.c.yimg.jp/images.auctions.yahoo.co.jp/image/dr000/auc0111/users/927d4182550299b3fbe2f4ff0b64435e471fb6a4/i-img1200x900-16042933169ijvbd80783.jpg,https://auctions.c.yimg.jp/images.auctions.yahoo.co.jp/image/dr000/auc0111/users/927d4182550299b3fbe2f4ff0b64435e471fb6a4/i-img1200x900-1604293316z8x5ki80783.jpg,https://auctions.c.yimg.jp/images.auctions.yahoo.co.jp/image/dr000/auc0111/users/927d4182550299b3fbe2f4ff0b64435e471fb6a4/i-img1200x900-1604293316zjhkun80783.jpg,," 1,000 ","30,000 "
22,流木温泉流木：根コが生き生きよみがえる：彫刻に：華道に：茶道に：床の間に：,https://page.auctions.yahoo.co.jp/jp/auction/n456157977,n456157977,流木温泉流木：根コが生き生きよみがえる：彫刻に：華道に：茶道に：床の間に：, tea ceremony,73466.0,1.0,4c5f-9e29-46239b8d1342-n456157977-202011-0322-4239, ＊流木温泉流木： ＊根コが生き生きよみがえる： ＊彫刻に：華道に：茶道に：床の間に： ＊寸法：幅３３Cm：奥２７Cm：高さ１４Cm： ＊送料別：クロネコヤマト宅急便料金表 , 目立った傷や汚れなし ,https://auctions.c.yimg.jp/images.auctions.yahoo.co.jp/image/dr000/auc0110/users/d41e3516247faeb5c9290aeaf1f6e467562b8ad5/i-img1200x796-1601585587spjg4r972415.jpg,https://auctions.c.yimg.jp/images.auctions.yahoo.co.jp/image/dr000/auc0110/users/d41e3516247faeb5c9290aeaf1f6e467562b8ad5/i-img1200x796-1601585587rxidzo972415.jpg,https://auctions.c.yimg.jp/images.auctions.yahoo.co.jp/image/dr000/auc0110/users/d41e3516247faeb5c9290aeaf1f6e467562b8ad5/i-img1200x796-1601585587okbf5k972415.jpg,https://auctions.c.yimg.jp/images.auctions.yahoo.co.jp/image/dr000/auc0110/users/d41e3516247faeb5c9290aeaf1f6e467562b8ad5/i-img1200x796-1601585588rgavah972415.jpg,https://auctions.c.yimg.jp/images.auctions.yahoo.co.jp/image/dr000/auc0110/users/d41e3516247faeb5c9290aeaf1f6e467562b8ad5/i-img1200x796-1601585588eome6d972415.jpg,https://auctions.c.yimg.jp/images.auctions.yahoo.co.jp/image/dr000/auc0110/users/d41e3516247faeb5c9290aeaf1f6e467562b8ad5/i-img1200x796-1601585588tguxca972415.jpg,,," 5,500 "
23,未使用・保管品■珠峰 作■茶盃/茶碗 久谷焼　抹茶茶碗　茶道　共箱あり　植物柄,https://page.auctions.yahoo.co.jp/jp/auction/v716803587,v716803587,未使用・保管品■珠峰 作■茶盃/茶碗 久谷焼　抹茶茶碗　茶道　共箱あり　植物柄, tea ceremony,73466.0,2.0,4a25-81c9-61303478eb39-v716803587-202011-0322-4239, 未使用・保管品■珠峰 作■茶盃/茶碗 久谷焼 抹茶茶碗 茶道 共箱あり 植物柄商品説明 ★当方のオークションを見て頂き誠に有難う御座います★当方は名古屋のリサイクルショップですので随時、入荷・出品していますので宜しければご覧下さいませ。■品 名■未使用・保管品■珠峰 作■茶盃/茶碗 久谷焼 抹茶茶碗 茶道 共箱あり 植物柄■サイズ■緑：高さ約7.5㎝、幅約12.7㎝※多少の誤差はご了承下さい。■詳 細■珠峰 茶盃 共箱ありこちら専門店ではありませんので、年代など詳しくはわかりません。●●●他にも抹茶茶碗など、出品中です。●●●同梱も可能です。（送料が変わる場合もああります。） ■状 態■・未使用・保管品になります。・箱に多少の擦れ汚れなどあります。・年経過による、薄紙、包装紙など変色あり。・確認と撮影の為、箱から出しています。・お写真をご参考下さい。・見解には個人差があります、神経質な方の入札はご遠慮下さい。・画像に写っている物が全てです。・パソコンの機種によって多少見え方が違う場合が御座います。■管理番号■ゆ04-2019-0824-05注意事項※落札金額＋送料元払いで御願いします。※ノークレームノーリターンで御願いします。■ 営業時間 ■☆ＡＭ１０：００～１９：００☆毎週水曜定休日※商品の落札が火曜日深夜の場合、お取引の連絡が 木曜日になることがございます。予めご了承下さい■■■マイ・オークションをごらんください■■■■ジャンルを問わず多数出品しております。一度ご覧下さい■ 発送詳細■ゆうパック 愛知  810円 (愛知)北海道 1430円 (北海道) 東北  970円 (青森、岩手、秋田、山形、宮城、福島) 関東  870円 (茨城、栃木、群馬、埼玉、千葉、東京、神奈川、山梨) 信越  870円 (新潟、長野) 北陸  870円 (富山、石川、福井) 東海  870円 (静岡、岐阜、三重) 近畿  870円 (滋賀、京都、大阪、兵庫、奈良、和歌山) 中国  970円 (鳥取、岡山、島根、広島、山口) 四国  970円 (香川、徳島、愛媛、高知) 九州  1100円 (福岡、佐賀、大分、熊本、長崎、宮崎、鹿児島) 沖縄  1350円 (沖縄)※元払いのみの発送になります。■発送について落札頂きました商品の発送は【月】 【火】 【木】 【金】 曜日になります【水】曜日は店舗定休日の為全業務を休ませて頂いております。予めご了承下さい。支払方法■Yahoo!かんたん決済 こちらの商品案内は 「■@即売くん5.10■」 で作成されました。この他にも出品しておりますので宜しければご覧ください。 , 未使用 ,https://auctions.c.yimg.jp/images.auctions.yahoo.co.jp/image/dr000/auc0108/users/220c661a4e78cdbbb13e414d43b6386180657966/i-img1200x900-1596518349foii8h19695.jpg,https://auctions.c.yimg.jp/images.auctions.yahoo.co.jp/image/dr000/auc0108/users/220c661a4e78cdbbb13e414d43b6386180657966/i-img1200x900-15965183511scba11719937.jpg,https://auctions.c.yimg.jp/images.auctions.yahoo.co.jp/image/dr000/auc0108/users/220c661a4e78cdbbb13e414d43b6386180657966/i-img1200x900-1596518355zefekq2119060.jpg,https://auctions.c.yimg.jp/images.auctions.yahoo.co.jp/image/dr000/auc0108/users/220c661a4e78cdbbb13e414d43b6386180657966/i-img1200x900-15965183589tj3wf2141582.jpg,https://auctions.c.yimg.jp/images.auctions.yahoo.co.jp/image/dr000/auc0108/users/220c661a4e78cdbbb13e414d43b6386180657966/i-img1200x900-15965183626fe2d2110329.jpg,https://auctions.c.yimg.jp/images.auctions.yahoo.co.jp/image/dr000/auc0108/users/220c661a4e78cdbbb13e414d43b6386180657966/i-img1200x900-15965183663ld0er1806341.jpg,https://auctions.c.yimg.jp/images.auctions.yahoo.co.jp/image/dr000/auc0108/users/220c661a4e78cdbbb13e414d43b6386180657966/i-img900x1200-1596518369zpx3gu1719943.jpg,," 4,780"
24,美品 配膳棚 水屋棚 茶道 懐石 茶事 木 漆 掻合 爪紅 引出 キャスター付 名残 開炉 口切 夜咄【千家 而妙斎 猶有斎 鵬雲斎 坐忘斎 不徹斎】,https://page.auctions.yahoo.co.jp/jp/auction/l634374572,l634374572,美品 配膳棚 水屋棚 茶道 懐石 茶事 木 漆 掻合 爪紅 引出 キャスター付 名残 開炉 口切 夜咄【千家 而妙斎 猶有斎 鵬雲斎 坐忘斎 不徹斎】, tea ceremony,73466.0,3.0,4e4d-af21-94961b0d0c54-l634374572-202011-0322-4239, この度はご覧いただき誠にありがとうございます。組立式・棚板五段に引出し付きの配膳棚です。掻合黒塗爪紅仕上げ、素材は天然木です。紙箱入。 キャスター付の袴(受け台)も装着できるため移動も簡単で大変便利にご使用頂けます。茶事や茶懐石をする際の水屋棚に、またお稽古道具等を置いておく棚や手荷物台としてなど、多用途にお使いいただけます。是非この機会に如何でしょうか。【寸法】☆高さ:約 103cm☆袴(受け台)に乗せたままのサイズ 高さ：約 108cm ☆幅：約 88.5cm☆奥行：約 37cm☆総重量：約19kg です。使用は一回のみ。その後は箱に入れ自宅保管。今回撮影のため再度組み立てました。状態の良い美品ですが、当初より棚板の縁の角と引出しの裏に目立たない程度の微細な塗りの剥げ(画像参照)がございます。画像をご覧いただきご納得の上でのご入札をお願い致します。新品・完全品をお求めの方はご入札をお控え頂きますようお願い申し上げます。★注意事項★◎領収書は発行しておりません。入金時のお控えをご利用ください。配膳棚 懐石棚 水屋棚 水谷棚 正午 飯後 不時 夜込 茶事 名残 開炉 口切 夜咄 初釜 暁 稽古茶事 組み立て式 キャスター付 茶道具 懐石道具 木製 漆 表 裏 千家 而妙斎 即中斎 鵬雲斎 坐忘斎 宗哲 近左 , 未使用に近い ,https://auctions.c.yimg.jp/images.auctions.yahoo.co.jp/image/dr000/auc0111/users/7/9/7/7/lulie_aquarius-img840x1200-1604287211wxidxs8960.jpg,https://auctions.c.yimg.jp/images.auctions.yahoo.co.jp/image/dr000/auc0111/users/7/9/7/7/lulie_aquarius-img754x1200-1604287211e1ziof8960.jpg,https://auctions.c.yimg.jp/images.auctions.yahoo.co.jp/image/dr000/auc0111/users/7/9/7/7/lulie_aquarius-img1200x674-1604287211oaqfku8960.jpg,https://auctions.c.yimg.jp/images.auctions.yahoo.co.jp/image/dr000/auc0111/users/7/9/7/7/lulie_aquarius-img1200x800-1604287211bmd0mr8960.jpg,https://auctions.c.yimg.jp/images.auctions.yahoo.co.jp/image/dr000/auc0111/users/7/9/7/7/lulie_aquarius-img868x1200-16042872114jobm98960.jpg,https://auctions.c.yimg.jp/images.auctions.yahoo.co.jp/image/dr000/auc0111/users/7/9/7/7/lulie_aquarius-img1200x679-1604287211ef30xx8960.jpg,https://auctions.c.yimg.jp/images.auctions.yahoo.co.jp/image/dr000/auc0111/users/7/9/7/7/lulie_aquarius-img268x404-1604287211me74au8960.jpg," 25,000","33,000"
25,《掛軸》千宗守 一行書 共箱　武者小路千家 茶道具 茶人 茶道家　〇,https://page.auctions.yahoo.co.jp/jp/auction/w430183733,w430183733,《掛軸》千宗守 一行書 共箱　武者小路千家 茶道具 茶人 茶道家　〇, tea ceremony,73466.0,4.0,4a06-b268-610af0d712d2-w430183733-202011-0322-4239, 《掛軸》千宗守 一行書 共箱 武者小路千家 茶道具 茶人 茶道家 〇 商品詳細 支払詳細 発送詳細 注意事項 【商品について】 ・共箱(不徹斎) ・紙本 ・本紙サイズ たて 127.5cm × よこ 32.5cm ・全体サイズ たて 201cm × よこ 35cm 【商品状態について】 ・本紙 蔵シミ ・表装 小シミ 商品詳細 支払詳細 発送詳細 注意事項 ヤフーかんたん決済 でお願いします。 商品詳細 支払詳細 発送詳細 注意事項 クロネコヤマト（元払い or 着払い） を予定しています。 商品詳細 支払詳細 発送詳細 注意事項 当方で、絵画・古書画・中国作品について、真作の保証を致しません。 入札者個々の判断でご入札をお願い致します。 出品している商品は店舗、ホームページにて同時販売しているものもあります。 その為、途中で取り消しをする場合がございます。予めご了承ください。 ノークレーム・ノーリターンでお願いします。 , 傷や汚れあり ,https://auctions.c.yimg.jp/images.auctions.yahoo.co.jp/image/dr000/auc0111/users/5638c31d750e45a776300805140da672a573d2d7/i-img721x1200-1604405421ihcyvw18907.jpg,https://auctions.c.yimg.jp/images.auctions.yahoo.co.jp/image/dr000/auc0111/users/5638c31d750e45a776300805140da672a573d2d7/i-img747x1200-160440542456pd9k28558.jpg,https://auctions.c.yimg.jp/images.auctions.yahoo.co.jp/image/dr000/auc0111/users/5638c31d750e45a776300805140da672a573d2d7/i-img354x1200-1604405426i84wvh719846.jpg,https://auctions.c.yimg.jp/images.auctions.yahoo.co.jp/image/dr000/auc0111/users/5638c31d750e45a776300805140da672a573d2d7/i-img371x1200-1604405428tzv4sp28564.jpg,https://auctions.c.yimg.jp/images.auctions.yahoo.co.jp/image/dr000/auc0111/users/5638c31d750e45a776300805140da672a573d2d7/i-img1200x842-16044054325iepus730400.jpg,https://auctions.c.yimg.jp/images.auctions.yahoo.co.jp/image/dr000/auc0111/users/5638c31d750e45a776300805140da672a573d2d7/i-img338x1200-1604405434a1yxar18900.jpg,https://auctions.c.yimg.jp/images.auctions.yahoo.co.jp/image/dr000/auc0111/users/5638c31d750e45a776300805140da672a573d2d7/i-img1200x899-1604405437sbmi0z2085731.jpg,," 26,000"
26,ギャッベ◆ペルシャ絨毯◆アンティーク 家具◆北欧◆骨董◆茶道 華道◆236×164cm【F２０】,https://page.auctions.yahoo.co.jp/jp/auction/504884710,504884710,ギャッベ◆ペルシャ絨毯◆アンティーク 家具◆北欧◆骨董◆茶道 華道◆236×164cm【F２０】, tea ceremony,73466.0,6.0,-4aff-9535-0affc2d2b498-504884710-202011-0322-4239, 新品トライバル民族ギャッベ 手織りです。 サイズ 約２３６ｃｍ×１６４ｃｍ 厚み 約１．５ｃｍ ハンドメイド、手織り 厳選して仕入れてます。良質毛質、チクチクしません。 素材 ウール ※屋外での撮影です。※商品の状態や詳細などは落札前に聞いて下さい。説明文に無かったなどの理由でのキャンセルはできません。写真でご確認下さい。※写真追加できます。写真が載っていなかった、などの理由でのキャンセルも受け付けません。※染料のにおいがする場合があります。※ノークレームで、お願いします。※神経質な方の入札は、お控え下さい。※評価で悪いが多い方の入札は、お控え下さい。即刻取り消しする場合もあります。※商品のコンディションなどお尋ねください。※当方のオークション出品物への入札妨害と見られる入札行為があった場合は、当方の独断で入札ＩＤを入札拒否登録する場合があります。※ご利用のパソコン環境によって、多少色味が異なって見える場合があります。気になる場合は、お問合せ下さい。 + + + この商品説明は オークションプレートメーカー２ で作成しました + + +No.403.004.005 , 未使用 ,https://auctions.c.yimg.jp/images.auctions.yahoo.co.jp/image/dr000/auc0108/users/f49690ab67b8bffd118fa156a07969874718bdd4/i-img1200x900-1598330214edm76r2666283.jpg,https://auctions.c.yimg.jp/images.auctions.yahoo.co.jp/image/dr000/auc0108/users/f49690ab67b8bffd118fa156a07969874718bdd4/i-img1200x900-1598330220pr2tfp2696740.jpg,,,,,,," 48,800"
27,ギャッベ◆ペルシャ絨毯◆アンティーク 家具◆北欧◆骨董◆茶道 華道◆200×142cm【F４９】,https://page.auctions.yahoo.co.jp/jp/auction/t748537674,t748537674,ギャッベ◆ペルシャ絨毯◆アンティーク 家具◆北欧◆骨董◆茶道 華道◆200×142cm【F４９】, tea ceremony,73466.0,7.0,4302-9ffa-e73082bc12ca-t748537674-202011-0322-4239, 新品トライバル民族ギャッベ 手織りです。 サイズ 約２００ｃｍ×１４２ｃｍ 厚み 約１．５ｃｍ ハンドメイド、手織り 厳選して仕入れてます。良質毛質、チクチクしません。 素材 ウール ※屋外での撮影です。※商品の状態や詳細などは落札前に聞いて下さい。説明文に無かったなどの理由でのキャンセルはできません。写真でご確認下さい。※写真追加できます。写真が載っていなかった、などの理由でのキャンセルも受け付けません。※染料のにおいがする場合があります。※ノークレームで、お願いします。※神経質な方の入札は、お控え下さい。※評価で悪いが多い方の入札は、お控え下さい。即刻取り消しする場合もあります。※商品のコンディションなどお尋ねください。※当方のオークション出品物への入札妨害と見られる入札行為があった場合は、当方の独断で入札ＩＤを入札拒否登録する場合があります。※ご利用のパソコン環境によって、多少色味が異なって見える場合があります。気になる場合は、お問合せ下さい。 + + + この商品説明は オークションプレートメーカー２ で作成しました + + +No.403.004.005 , 未使用 ,https://auctions.c.yimg.jp/images.auctions.yahoo.co.jp/image/dr000/auc0108/users/f49690ab67b8bffd118fa156a07969874718bdd4/i-img1200x900-1598334397i7fm7q2991797.jpg,https://auctions.c.yimg.jp/images.auctions.yahoo.co.jp/image/dr000/auc0108/users/f49690ab67b8bffd118fa156a07969874718bdd4/i-img1200x900-1598334404luefe511707.jpg,,,,,,," 40,800"
28,048 收納筐 竹筐 雜物收納籃 水果籃 茶道具籠 茶道セット 収納かご 竹の編,https://page.auctions.yahoo.co.jp/jp/auction/q397360400,q397360400,048 收納筐 竹筐 雜物收納籃 水果籃 茶道具籠 茶道セット 収納かご 竹の編, tea ceremony,73466.0,8.0,4193-8659-e9fc7fdf4bf9-q397360400-202011-0322-4239, 商品のサイズ: 口径約18cm 高さ約12cm注意事項★出品商品はちゃんとチェックして、問題のない商品を出品しております。ただし、細かな見落としもあるかもしれません。微細なほつれや?シワ?タグカット?タグなし、タグ誤記載?匂い?微細な汚れ?等がある場合がございます。念のため神経質な方や、クオリティー（完璧なお品物）を求める方は 入札をお控えください。万一、不良、破損、誤納品などがございましたら、2日以内にお知らせ下さい、誠意を持って早急に対応致します。配送説明★発送方法★飛脚宅配便（佐川急便）☆ 発送日時に関しては、こちらはお客様の入金を確認してから、発送の準備は3、4日をいただいております（土日祝除く）。準備が出来次第、順次に発送しております。混み合い状況によりますと遅れる場合がございます。その時、連絡致します。お急ぎの方は入札をお控えください。予めご了承お願い致します。★お取引に関しましては信頼と誠意あるお取引を心掛けております。最後まで気持ちのよいお取引が出来ますよう宜しくお付き合い下さい。 , 未使用に近い ,https://auctions.c.yimg.jp/images.auctions.yahoo.co.jp/image/dr000/auc0111/users/63f2f456075ecd58e3777496c9334ed9f681cd9c/i-img704x588-1604383780m93eoo12591.jpg,https://auctions.c.yimg.jp/images.auctions.yahoo.co.jp/image/dr000/auc0111/users/63f2f456075ecd58e3777496c9334ed9f681cd9c/i-img558x557-1604383780cxowih9804.jpg,https://auctions.c.yimg.jp/images.auctions.yahoo.co.jp/image/dr000/auc0111/users/63f2f456075ecd58e3777496c9334ed9f681cd9c/i-img679x586-1604383780tqfsns710373.jpg,https://auctions.c.yimg.jp/images.auctions.yahoo.co.jp/image/dr000/auc0111/users/63f2f456075ecd58e3777496c9334ed9f681cd9c/i-img602x583-1604383781dy7itb694980.jpg,https://auctions.c.yimg.jp/images.auctions.yahoo.co.jp/image/dr000/auc0111/users/63f2f456075ecd58e3777496c9334ed9f681cd9c/i-img527x521-1604383781vpjnie2235135.jpg,,," 6,299","11,000"
29,茶道／茶道具／吉田萩苑　玉隆山萩焼抹茶碗／共箱／保証,https://page.auctions.yahoo.co.jp/jp/auction/508039627,508039627,茶道／茶道具／吉田萩苑　玉隆山萩焼抹茶碗／共箱／保証, tea ceremony,73466.0,9.0,-407c-8db1-06e7df5f3413-508039627-202011-0322-4239, 茶道／茶道具／吉田萩苑 玉隆山萩焼抹茶碗／共箱／保証 商品概要＋＋＋ 当商品へのアクセス有難うございます。 下記の商品情報をご確認くださいませ。□商品名 玉隆山萩焼抹茶碗□寸法 高さ約8.5ｃｍ・口径約11.5ｃｍ・高台径約5ｃｍ※寸法は、測り方により若干の誤差が生じる場合がございます。 記載寸法は、目安としてご参考になさってください。□付属品 共箱・共布□状態 美品です。キズ、欠け等有りませんが見落とし等が在るかも知れませんのでお気付きになられましたらご質問ください。＊商品の詳細は以下画像をご覧くださいませ。＊できる限り、現状に近い状態での撮影を心掛けておりますがレンズを通すことにより、多少の誤差が生じる場合もございます。その点、ご了承下さいませ。 他にもいろいろと出品しておりますのでご覧頂ければ幸いです！ ※宜しくお願い致します※xvpbvx お知らせ◆当方連絡事項はすべて取引ナビを使用しております。ご連絡先、ご要望等は必ず取引ナビにご入力お願いします。◆ご入札いただいた時点で商品にご納得して頂いたと当方で判断させていただきます。ご落札後のトラブル防止の為、ページ下部の『注意事項』を必ずご確認ください。ご落札後のクレーム、返品は一切お受け出来かねます。◆決済方法は『かんたん決済』のみとなります。 ヤフーシステム上、その他決済方法にはご対応できかねます。予めご確認ください。◆商品到着後、取引ナビより『受け取り連絡』ボタンを必ず押してください。 評価に関しましては受け取り通知とは異なりますのでお手数ですが上記操作にご協力をお願い致します。＊ 安心してオークションをお楽しみいただくために、ご入札の前にオークションルールをご確認ください。＊ 落札完了後に届くYahooの落札通知に、こちらの連絡先・お取引内容等を記載しております。お手数ですがご覧頂けましたら住所等のご連絡先のご返信宜しくお願い致します。＊ また、落札後３日以内にご連絡が無い場合は落札者権利の放棄とみなしますのでご了承ください。＊ 新規・評価の悪い方の入札を取り消す場合がありますのでご了承ください。また、悪戯防止の為質問蘭にコメントをして頂くと安心です。＊ 正式鑑定は行っておりませんので、真贋は分かりかねます。気になる点がございましたらお気軽にご質問ください。＊ 落札者様の都合でのキャンセル・返品に関しましては原則的にお断りいたしております。写真をよくご覧になって、ご自身でご判断の上ご入札をお願いいたします。＊ お取引については、原則としてノークレーム・ノーリターンでお願い致します。＊ 商品は特に明記のない限り基本的には骨董品といった古い物で、経年の汚れ、傷み、擦れ等はご承知ください。画像の掲載には実物に出来る限り近づけるように努めておりますが、ご使用のパソコンの機種等によっては若干異なって見える場合がございます。お分かりづらい点などございましたらご入札前にお問合せ下さいませ。 送付方法＋＋＋ ゆうパック 支払方法＋＋＋ Yahoo!かんたん決済（詳細） この商品説明は オークション落札相場サイト「オークファン」出品テンプレート で作成されています。Powered by aucfan.com , 未使用 ,https://auctions.c.yimg.jp/images.auctions.yahoo.co.jp/image/dr000/auc0110/users/cbe2f9a69ec925bef3448c792a25a8396fe66435/i-img1200x900-16018100338thd2y3892.jpg,https://auctions.c.yimg.jp/images.auctions.yahoo.co.jp/image/dr000/auc0110/users/cbe2f9a69ec925bef3448c792a25a8396fe66435/i-img1200x902-1601810052mkqw7j18863.jpg,,,,,,," 15,000"
30,半額　　10月なりました。少し涼しく！　　　　ギャッベ◆ペルシャ絨毯◆アンティーク 家具◆北欧◆骨董◆茶道 華道◆198×140cm【F４７】,https://page.auctions.yahoo.co.jp/jp/auction/m436702155,m436702155,半額　　10月なりました。少し涼しく！　　　　ギャッベ◆ペルシャ絨毯◆アンティーク 家具◆北欧◆骨董◆茶道 華道◆198×140cm【F４７】, tea ceremony,73466.0,10.0,4377-bc9a-4233398dfecd-m436702155-202011-0322-4239, 新品トライバル民族ギャッベ 手織りです。 サイズ 約１９８ｃｍ×１４０ｃｍ 厚み 約１．５ｃｍ ハンドメイド、手織り 厳選して仕入れてます。良質毛質、チクチクしません。 素材 ウール ※屋外での撮影です。※商品の状態や詳細などは落札前に聞いて下さい。説明文に無かったなどの理由でのキャンセルはできません。写真でご確認下さい。※写真追加できます。写真が載っていなかった、などの理由でのキャンセルも受け付けません。※染料のにおいがする場合があります。※ノークレームで、お願いします。※神経質な方の入札は、お控え下さい。※評価で悪いが多い方の入札は、お控え下さい。即刻取り消しする場合もあります。※商品のコンディションなどお尋ねください。※当方のオークション出品物への入札妨害と見られる入札行為があった場合は、当方の独断で入札ＩＤを入札拒否登録する場合があります。※ご利用のパソコン環境によって、多少色味が異なって見える場合があります。気になる場合は、お問合せ下さい。 + + + この商品説明は オークションプレートメーカー２ で作成しました + + +No.403.004.005 , やや傷や汚れあり ,https://auctions.c.yimg.jp/images.auctions.yahoo.co.jp/image/dr000/auc0108/users/f49690ab67b8bffd118fa156a07969874718bdd4/i-img1200x900-1598334210xu0iml2551032.jpg,https://auctions.c.yimg.jp/images.auctions.yahoo.co.jp/image/dr000/auc0108/users/f49690ab67b8bffd118fa156a07969874718bdd4/i-img1200x900-1598334216lkorvb2991641.jpg,https://auctions.c.yimg.jp/images.auctions.yahoo.co.jp/image/dr000/auc0108/users/f49690ab67b8bffd118fa156a07969874718bdd4/i-img1200x900-1598334222iwt9s62704938.jpg,,,,,," 19,999"
31,046 提籃籠 収納かご 花かご 雜物收納籃 水果籃 茶道セット 竹細工 工芸品,https://page.auctions.yahoo.co.jp/jp/auction/p809142662,p809142662,046 提籃籠 収納かご 花かご 雜物收納籃 水果籃 茶道セット 竹細工 工芸品, tea ceremony,73466.0,11.0,4f00-9a15-e70302f53be2-p809142662-202011-0322-4239, 商品のサイズ: 長さ約22cm 幅さ約14cm 高さ約24cm 注意事項★出品商品はちゃんとチェックして、問題のない商品を出品しております。ただし、細かな見落としもあるかもしれません。微細なほつれや?シワ?タグカット?タグなし、タグ誤記載?匂い?微細な汚れ?等がある場合がございます。念のため神経質な方や、クオリティー（完璧なお品物）を求める方は 入札をお控えください。万一、不良、破損、誤納品などがございましたら、2日以内にお知らせ下さい、誠意を持って早急に対応致します。配送説明★発送方法★飛脚宅配便（佐川急便）☆ 発送日時に関しては、こちらはお客様の入金を確認してから、発送の準備は3、4日をいただいております（土日祝除く）。準備が出来次第、順次に発送しております。混み合い状況によりますと遅れる場合がございます。その時、連絡致します。お急ぎの方は入札をお控えください。予めご了承お願い致します。★お取引に関しましては信頼と誠意あるお取引を心掛けております。最後まで気持ちのよいお取引が出来ますよう宜しくお付き合い下さい。 , 未使用に近い ,https://auctions.c.yimg.jp/images.auctions.yahoo.co.jp/image/dr000/auc0111/users/63f2f456075ecd58e3777496c9334ed9f681cd9c/i-img385x385-1604383253ww7dh99320.jpg,https://auctions.c.yimg.jp/images.auctions.yahoo.co.jp/image/dr000/auc0111/users/63f2f456075ecd58e3777496c9334ed9f681cd9c/i-img387x376-1604383253esmpsi4972.jpg,https://auctions.c.yimg.jp/images.auctions.yahoo.co.jp/image/dr000/auc0111/users/63f2f456075ecd58e3777496c9334ed9f681cd9c/i-img367x360-1604383253elv0wc709848.jpg,https://auctions.c.yimg.jp/images.auctions.yahoo.co.jp/image/dr000/auc0111/users/63f2f456075ecd58e3777496c9334ed9f681cd9c/i-img373x363-1604383253j5tlka694482.jpg,,,," 7,599","14,000"
32,045 花の器 花かご 花入れ 客間の飾り 茶道 手作り 竹の編,https://page.auctions.yahoo.co.jp/jp/auction/s781659451,s781659451,045 花の器 花かご 花入れ 客間の飾り 茶道 手作り 竹の編, tea ceremony,73466.0,12.0,4eaf-a0ba-fb0543e8d9cb-s781659451-202011-0322-4239, 商品のサイズ: 口径約11cm 高さ約28cm注意事項★出品商品はちゃんとチェックして、問題のない商品を出品しております。ただし、細かな見落としもあるかもしれません。微細なほつれや?シワ?タグカット?タグなし、タグ誤記載?匂い?微細な汚れ?等がある場合がございます。念のため神経質な方や、クオリティー（完璧なお品物）を求める方は 入札をお控えください。万一、不良、破損、誤納品などがございましたら、2日以内にお知らせ下さい、誠意を持って早急に対応致します。配送説明★発送方法★飛脚宅配便（佐川急便）☆ 発送日時に関しては、こちらはお客様の入金を確認してから、発送の準備は3、4日をいただいております（土日祝除く）。準備が出来次第、順次に発送しております。混み合い状況によりますと遅れる場合がございます。その時、連絡致します。お急ぎの方は入札をお控えください。予めご了承お願い致します。★お取引に関しましては信頼と誠意あるお取引を心掛けております。最後まで気持ちのよいお取引が出来ますよう宜しくお付き合い下さい。 , 未使用に近い ,https://auctions.c.yimg.jp/images.auctions.yahoo.co.jp/image/dr000/auc0111/users/63f2f456075ecd58e3777496c9334ed9f681cd9c/i-img483x473-1604382338hj0z8w709243.jpg,https://auctions.c.yimg.jp/images.auctions.yahoo.co.jp/image/dr000/auc0111/users/63f2f456075ecd58e3777496c9334ed9f681cd9c/i-img800x800-1604382338jz1mpz2233983.jpg,https://auctions.c.yimg.jp/images.auctions.yahoo.co.jp/image/dr000/auc0111/users/63f2f456075ecd58e3777496c9334ed9f681cd9c/i-img496x496-1604382338rmdjsh693882.jpg,,,,," 4,699","8,000"
33,二つ折り木製帳場格子 / 衝立 パーテーション 柵 囲い 建具 古道具 骨董 古家具 古美術 アンティーク 店舗什器 華道 茶道,https://page.auctions.yahoo.co.jp/jp/auction/f465021121,f465021121,二つ折り木製帳場格子 / 衝立 パーテーション 柵 囲い 建具 古道具 骨董 古家具 古美術 アンティーク 店舗什器 華道 茶道, tea ceremony,73466.0,13.0,493f-aeb7-80beb6e8c5e5-f465021121-202011-0322-4239, ■商品内容は以下の通りでございます。 項 目 説 明 商品名 古い二つ折り木製帳場格子 商品サイズ 幅91.5（75）×奥行2.5×高さ63.5。 商品紹介 古い二つ折り木製帳場格子です。 長い時を経た風合いが魅力的な細かい縦格子です。 アンティークアイテムとしてもオススメです。 商品状態 ・時代物にて、多少傷、汚れや摺れがありますが、特に問題ないかと思われます。 送料概算 当社指定運送会社/送料元払いのみとなります02930S170 発送は佐川急便にて発送予定です。 ※梱包含（送料元払いにて別途料金）。 ※直接のお引取りも可能ですが、弊社は実店舗はございませんので、 必ず事前にご連絡頂き、お引取日時の調整後での対応をお願いいたします。 注意事項 ・お急ぎの方、さらなる詳細をお知りになりたい方は、 お手数ではございますが必ずご入札前にご質問下さい。 ・落札後のキャンセル、返品については基本的に承れません。 , 傷や汚れあり ,https://auctions.c.yimg.jp/images.auctions.yahoo.co.jp/image/dr000/auc0110/users/5c2b90076401528c816a506a113c2a0e7bbe217d/i-img1000x667-1602674346dexhbv31786.jpg,https://auctions.c.yimg.jp/images.auctions.yahoo.co.jp/image/dr000/auc0110/users/5c2b90076401528c816a506a113c2a0e7bbe217d/i-img1000x667-16026743463t6oni1368711.jpg,https://auctions.c.yimg.jp/images.auctions.yahoo.co.jp/image/dr000/auc0110/users/5c2b90076401528c816a506a113c2a0e7bbe217d/i-img1000x667-1602674346xnuy0k1309584.jpg,https://auctions.c.yimg.jp/images.auctions.yahoo.co.jp/image/dr000/auc0110/users/5c2b90076401528c816a506a113c2a0e7bbe217d/i-img1000x667-1602674346f3r7ir36256.jpg,,,,," 18,000"
34,044 茶盤 茶托 雜物收納籃 水果籃 提籃籠 茶道セット 収納かご 藤編 手作り,https://page.auctions.yahoo.co.jp/jp/auction/h515545340,h515545340,044 茶盤 茶托 雜物收納籃 水果籃 提籃籠 茶道セット 収納かご 藤編 手作り, tea ceremony,73466.0,14.0,4add-b377-8d32fa758098-h515545340-202011-0322-4239, 商品のサイズ: 直径約21.5cm 高さ約2.5cm注意事項★出品商品はちゃんとチェックして、問題のない商品を出品しております。ただし、細かな見落としもあるかもしれません。微細なほつれや?シワ?タグカット?タグなし、タグ誤記載?匂い?微細な汚れ?等がある場合がございます。念のため神経質な方や、クオリティー（完璧なお品物）を求める方は 入札をお控えください。万一、不良、破損、誤納品などがございましたら、2日以内にお知らせ下さい、誠意を持って早急に対応致します。配送説明★発送方法★飛脚宅配便（佐川急便）☆ 発送日時に関しては、こちらはお客様の入金を確認してから、発送の準備は3、4日をいただいております（土日祝除く）。準備が出来次第、順次に発送しております。混み合い状況によりますと遅れる場合がございます。その時、連絡致します。お急ぎの方は入札をお控えください。予めご了承お願い致します。★お取引に関しましては信頼と誠意あるお取引を心掛けております。最後まで気持ちのよいお取引が出来ますよう宜しくお付き合い下さい。 , 未使用に近い ,https://auctions.c.yimg.jp/images.auctions.yahoo.co.jp/image/dr000/auc0111/users/63f2f456075ecd58e3777496c9334ed9f681cd9c/i-img644x509-1604381599l8xkil15077.jpg,https://auctions.c.yimg.jp/images.auctions.yahoo.co.jp/image/dr000/auc0111/users/63f2f456075ecd58e3777496c9334ed9f681cd9c/i-img621x484-16043815995xscea10396.jpg,https://auctions.c.yimg.jp/images.auctions.yahoo.co.jp/image/dr000/auc0111/users/63f2f456075ecd58e3777496c9334ed9f681cd9c/i-img643x576-1604381599darfaj10907.jpg,,,,," 5,899","10,000"
35,043 飯盒 收納盒 茶盤 茶具 雜物收納籃 水果籃 提籃籠 茶道セット 茶道具 カンフー茶具,https://page.auctions.yahoo.co.jp/jp/auction/b492856679,b492856679,043 飯盒 收納盒 茶盤 茶具 雜物收納籃 水果籃 提籃籠 茶道セット 茶道具 カンフー茶具, tea ceremony,73466.0,15.0,4f23-a3fc-9c6578e1bf6f-b492856679-202011-0322-4239, 商品のサイズ: 直径約24cm 高さ約22cm注意事項★出品商品はちゃんとチェックして、問題のない商品を出品しております。ただし、細かな見落としもあるかもしれません。微細なほつれや?シワ?タグカット?タグなし、タグ誤記載?匂い?微細な汚れ?等がある場合がございます。念のため神経質な方や、クオリティー（完璧なお品物）を求める方は 入札をお控えください。万一、不良、破損、誤納品などがございましたら、2日以内にお知らせ下さい、誠意を持って早急に対応致します。配送説明★発送方法★飛脚宅配便（佐川急便）☆ 発送日時に関しては、こちらはお客様の入金を確認してから、発送の準備は3、4日をいただいております（土日祝除く）。準備が出来次第、順次に発送しております。混み合い状況によりますと遅れる場合がございます。その時、連絡致します。お急ぎの方は入札をお控えください。予めご了承お願い致します。★お取引に関しましては信頼と誠意あるお取引を心掛けております。最後まで気持ちのよいお取引が出来ますよう宜しくお付き合い下さい。 , 未使用に近い ,https://auctions.c.yimg.jp/images.auctions.yahoo.co.jp/image/dr000/auc0111/users/63f2f456075ecd58e3777496c9334ed9f681cd9c/i-img591x591-1604380969ahvyvn10575.jpg,https://auctions.c.yimg.jp/images.auctions.yahoo.co.jp/image/dr000/auc0111/users/63f2f456075ecd58e3777496c9334ed9f681cd9c/i-img538x540-1604380969an0c79705697.jpg,,,,,," 8,699","16,000"
36,☆くぬぎ「炉」茶道用です！,https://page.auctions.yahoo.co.jp/jp/auction/b510532104,b510532104,☆くぬぎ「炉」茶道用です！, tea ceremony,73466.0,16.0,48b1-be35-1eff58fd8ccb-b510532104-202011-0322-4239, ☆くぬぎ-炉-☆-茶道用です-☆胴炭6本 / 丸ぎっちよ約40本/割管10本☆管炭10本 / 点炭 10本/ 割ぎっちよ10本 〈数や配置等は炭の大きさ等で多少異なりますのでご了承下さい〉注意5kg用の箱に入っていますが重さは各炭の状態により異なります。☆配置等は写真参照見本です☆送料無料 , 未使用 ,https://auctions.c.yimg.jp/images.auctions.yahoo.co.jp/image/dr000/auc0110/users/ccb17b220447dd2b58a0299056c423ca2d7699f8/i-img750x570-1603087526zd84l41437033.jpg,,,,,,,," 10,000"
37,ギャッベ◆ペルシャ絨毯◆アンティーク 家具◆北欧◆骨董◆茶道 華道◆238×176cm,https://page.auctions.yahoo.co.jp/jp/auction/m408415065,m408415065,ギャッベ◆ペルシャ絨毯◆アンティーク 家具◆北欧◆骨董◆茶道 華道◆238×176cm, tea ceremony,73466.0,17.0,48d2-9386-b3eaa5a5394b-m408415065-202011-0322-4239, 新品トライバル民族ギャッベ 手織りです。 サイズ 約２３８ｃｍ×１７６ｃｍ 厚み 約１．５ｃｍ ハンドメイド、手織り 厳選して仕入れてます。良質毛質、チクチクしません。 素材 ウール ※屋外での撮影です。※写真追加できます。※染料のにおいがする場合があります。※ノークレームで、お願いします。※神経質な方の入札は、お控え下さい。※評価で悪いが多い方の入札は、お控え下さい。即刻取り消しする場合もあります。※商品のコンディションなどお尋ねください。※当方のオークション出品物への入札妨害と見られる入札行為があった場合は、当方の独断で入札ＩＤを入札拒否登録する場合があります。※ご利用のパソコン環境によって、多少色味が異なって見える場合があります。気になる場合は、お問合せ下さい。 + + + この商品説明は オークションプレートメーカー２ で作成しました + + +No.403.004.005 + + + この商品説明は オークションプレートメーカー２ で作成しました + + +No.108.001.003 , 未使用 ,https://auctions.c.yimg.jp/images.auctions.yahoo.co.jp/image/dr000/auc0105/users/f49690ab67b8bffd118fa156a07969874718bdd4/i-img1200x900-1588315087bllpzp466671.jpg,https://auctions.c.yimg.jp/images.auctions.yahoo.co.jp/image/dr000/auc0105/users/f49690ab67b8bffd118fa156a07969874718bdd4/i-img1200x900-1588315092cycw2o457302.jpg,https://auctions.c.yimg.jp/images.auctions.yahoo.co.jp/image/dr000/auc0105/users/f49690ab67b8bffd118fa156a07969874718bdd4/i-img1200x900-15883150906wkqtm17757.jpg,https://auctions.c.yimg.jp/images.auctions.yahoo.co.jp/image/dr000/auc0105/users/f49690ab67b8bffd118fa156a07969874718bdd4/i-img1200x900-1588315094b3yc5e17704.jpg,,,,," 49,800"
38,茶道具『青海波蒔絵炉縁 共箱』茶事 お茶会 茶道教室 茶会席料理 表千家 裏千家 武者小路千家 千家十職 七事式 茶懐石,https://page.auctions.yahoo.co.jp/jp/auction/v691427571,v691427571,茶道具『青海波蒔絵炉縁 共箱』茶事 お茶会 茶道教室 茶会席料理 表千家 裏千家 武者小路千家 千家十職 七事式 茶懐石, tea ceremony,73466.0,18.0,490d-b4df-6ab69b00d41a-v691427571-202011-0322-4239, サイズは、42.6×42.6×高さ6.7cmです。漆剥げの箇所がありますので画像でご確認ください。全体的に多少の使用感はあるかと思いまが、ダメージとなるような割れ等の傷みはございません。一連のお茶道具はお茶の先生宅よりお譲りいただいたものです。 , 目立った傷や汚れなし ,https://auctions.c.yimg.jp/images.auctions.yahoo.co.jp/image/dr000/auc0102/users/38414d0dbe80dc352f7e53ecd68bece47f69aad0/i-img1200x900-1581379139kvvkxg65466.jpg,https://auctions.c.yimg.jp/images.auctions.yahoo.co.jp/image/dr000/auc0102/users/38414d0dbe80dc352f7e53ecd68bece47f69aad0/i-img1200x900-1581379139ysj7ll63909.jpg,https://auctions.c.yimg.jp/images.auctions.yahoo.co.jp/image/dr000/auc0102/users/38414d0dbe80dc352f7e53ecd68bece47f69aad0/i-img1200x854-1581379140yfrjfw301145.jpg,https://auctions.c.yimg.jp/images.auctions.yahoo.co.jp/image/dr000/auc0102/users/38414d0dbe80dc352f7e53ecd68bece47f69aad0/i-img1200x900-1581379139fxtydu65519.jpg,https://auctions.c.yimg.jp/images.auctions.yahoo.co.jp/image/dr000/auc0102/users/38414d0dbe80dc352f7e53ecd68bece47f69aad0/i-img1200x900-1581379139mqalms61673.jpg,https://auctions.c.yimg.jp/images.auctions.yahoo.co.jp/image/dr000/auc0102/users/38414d0dbe80dc352f7e53ecd68bece47f69aad0/i-img1200x900-1581379139kjnck463213.jpg,https://auctions.c.yimg.jp/images.auctions.yahoo.co.jp/image/dr000/auc0102/users/38414d0dbe80dc352f7e53ecd68bece47f69aad0/i-img1200x900-1581379140xgnvd9303186.jpg,," 12,860"
39,ギャッベ◆ペルシャ絨毯◆アンティーク 家具◆北欧◆骨董◆茶道 華道◆182×122cm【F３２】,https://page.auctions.yahoo.co.jp/jp/auction/f450447599,f450447599,ギャッベ◆ペルシャ絨毯◆アンティーク 家具◆北欧◆骨董◆茶道 華道◆182×122cm【F３２】, tea ceremony,73466.0,19.0,4eea-b0e1-92f444568f91-f450447599-202011-0322-4239, 新品トライバル民族ギャッベ 手織りです。 サイズ 約１８２ｃｍ×１２２ｃｍ 厚み 約１．５ｃｍ ハンドメイド、手織り 厳選して仕入れてます。良質毛質、チクチクしません。 素材 ウール ※屋外での撮影です。※商品の状態や詳細などは落札前に聞いて下さい。説明文に無かったなどの理由でのキャンセルはできません。写真でご確認下さい。※写真追加できます。写真が載っていなかった、などの理由でのキャンセルも受け付けません。※染料のにおいがする場合があります。※ノークレームで、お願いします。※神経質な方の入札は、お控え下さい。※評価で悪いが多い方の入札は、お控え下さい。即刻取り消しする場合もあります。※商品のコンディションなどお尋ねください。※当方のオークション出品物への入札妨害と見られる入札行為があった場合は、当方の独断で入札ＩＤを入札拒否登録する場合があります。※ご利用のパソコン環境によって、多少色味が異なって見える場合があります。気になる場合は、お問合せ下さい。 + + + この商品説明は オークションプレートメーカー２ で作成しました + + +No.403.004.005 , 未使用 ,https://auctions.c.yimg.jp/images.auctions.yahoo.co.jp/image/dr000/auc0108/users/f49690ab67b8bffd118fa156a07969874718bdd4/i-img1200x900-1598332234jkr81i13240.jpg,https://auctions.c.yimg.jp/images.auctions.yahoo.co.jp/image/dr000/auc0108/users/f49690ab67b8bffd118fa156a07969874718bdd4/i-img1200x900-1598332241m1cpur2990129.jpg,,,,,,," 35,800"
40,「新品・茶道・香道」 女桑製 文台・五段重硯 揃　紙箱 ,https://page.auctions.yahoo.co.jp/jp/auction/k492508052,k492508052,「新品・茶道・香道」 女桑製 文台・五段重硯 揃　紙箱 , tea ceremony,73466.0,20.0,4f1e-87aa-aa76926993d6-k492508052-202011-0322-4239, 「新品・御茶道具」 茶道・香道 女桑製 文台（縦約３２．５ｃｍ 横約５９ｃｍ 高さ約１２cm） ・重硯｛五段重｝（縦約１８．８ｃｍ 横約１１ｃｍ高さ約１６cm） 揃です。 紙箱。 どうぞ宜しく。 硯箱 ・内容品 『 硯石・墨・筆・水滴 』 在中 （五組揃） , 未使用 ,https://auctions.c.yimg.jp/images.auctions.yahoo.co.jp/image/dr000/auc0108/users/7c0a8d97c8e0ed611ce6232ba2b243ffd3b867ef/i-img640x480-1598236191irfjix2502694.jpg,https://auctions.c.yimg.jp/images.auctions.yahoo.co.jp/image/dr000/auc0108/users/7c0a8d97c8e0ed611ce6232ba2b243ffd3b867ef/i-img640x480-15982361943ijba42492232.jpg,https://auctions.c.yimg.jp/images.auctions.yahoo.co.jp/image/dr000/auc0108/users/7c0a8d97c8e0ed611ce6232ba2b243ffd3b867ef/i-img640x480-1598236196xatsas5252.jpg,https://auctions.c.yimg.jp/images.auctions.yahoo.co.jp/image/dr000/auc0108/users/7c0a8d97c8e0ed611ce6232ba2b243ffd3b867ef/i-img640x480-1598236199tjlovj7069.jpg,https://auctions.c.yimg.jp/images.auctions.yahoo.co.jp/image/dr000/auc0108/users/7c0a8d97c8e0ed611ce6232ba2b243ffd3b867ef/i-img640x480-1598236201u89nwm2879958.jpg,https://auctions.c.yimg.jp/images.auctions.yahoo.co.jp/image/dr000/auc0108/users/7c0a8d97c8e0ed611ce6232ba2b243ffd3b867ef/i-img640x480-1598236204woja1e2629871.jpg,https://auctions.c.yimg.jp/images.auctions.yahoo.co.jp/image/dr000/auc0108/users/7c0a8d97c8e0ed611ce6232ba2b243ffd3b867ef/i-img640x480-1598236206xswlie5806.jpg,," 38,000"
41,@1922年 茶道本 官休清規 検索:茶道 茶碗 支那 茶聖 茶書 茶湯 千利休 数寄道 茶点て 裏千家 表千家 茶室 茶経 陸羽 茶礼 茶事 野点 献茶会,https://page.auctions.yahoo.co.jp/jp/auction/h510228349,h510228349,@1922年 茶道本 官休清規 検索:茶道 茶碗 支那 茶聖 茶書 茶湯 千利休 数寄道 茶点て 裏千家 表千家 茶室 茶経 陸羽 茶礼 茶事 野点 献茶会, tea ceremony,73466.0,21.0,4eb4-90d7-ceda7ef0ec76-h510228349-202011-0322-4239," 茶道本 茶人 茶事会 大寄せ 大茶湯 献茶祭 茶書 三千家 千利休 表千家 裏千家 武者小路千家 奈良流 東山流 堺流 珠光流 志野流 茶巾 ・題名：官休清規 ・著作者：官友会員 ・代表者：原田寅之助・発行者：官友会 ・発行者：木津三辰 ・印刷者：三好弥治兵衛 ・印刷所：東谷龍堂・賣捌所：下間寅之助・装丁：和綴（線装本）・頁スタイル：筒子頁・本数：１冊■年代物のため、非常に悪い状態で、破れ、欠け、経年の汚れ、染み、ヤケ、糸切れ、虫損、ボールペンや色鉛筆等により書き込み、つかれなどがございまして、また破れや欠けなど写真に写りきれない場合がございます。 ■サイズなどほかは画像にて御確認下さいませ。 ※ 説明文に誤りがある場合、画像を正しいものとする。 ※若説明文字有誤，則請以圖片為準！ ※If there were wrong information with description , please make the images as right. ■タイトルはあくまでも検索するために設けられたもので、 不勉強のため記述の文字に間違っている可能性もありますので、ご了承くださいませ。 ■ ◆写真をご確認の上、中古品であることをご理解いただける方の入札をお願いします。 ノークレーム、ノーリターンでお願いします。 ◆ ※説明文の日本語が理解できなかったなどの落札者様都合でのキャンセルは固くお断りいたします。※ 支払詳細 ・Yahooかんたん決済 発送詳細 ★平日「ゆうパック」着払いのみ、包装代金頂きません。 ★リサイクル梱包材を利用するため、見栄えが良くない場合がございます、予めご了承くださいませ。 ★同じ落札ＩＤの方には同梱いたします。 注意事項 ●誤入札などの取り消しは行っておらず、落札後のキャンセルは一切お受け付けできませんのでご注意ください。 ●最近取引放棄ケースが増えており、マイナス評価の多い方また評価が少ない方の場合はこちらで予告なし勝手に削除させていただく場合がございます。入札取り消された同時にブラックリストへ登録し、これから当方へのオークションへ参加ができなくなります！ ●古い物です。ご入札の際、必ずパソコンの画面で画像をご確認ください。 ●出品物に関する質問は必ず入札する前にてお願いします。 終了間際のご質問にはお答えが間に合わない場合がございますのでご了承ください。 ●なるべく厳密に出品物の状態を記載しているつもりですが、 出品物の状態にかなり気になされる場合は、入札を遠慮していただいたほうが良いと思います。 ●撮影の機材・技術・商品説明などの未熟さにより実際の状態を十分に表現できないことがありますので、御了承ください。 ●落札後、72時間以内に連絡を頂けなければ、落札者を削除させて頂く場合がございますので、あらかじめ、ご了承ください。 ●トラブルを防ぐために、連絡は取引ナビのみとさせて頂き、それ以外の連絡方法は一切おこないません。 ●評価は基本的に評価された方に評価を入れさせていただきます。 ", 全体的に状態が悪い ,https://auctions.c.yimg.jp/images.auctions.yahoo.co.jp/image/dr000/auc0110/users/fb7c459cfb2970b7f414d0978645b8f19296b18c/i-img1200x900-1602549485xirvoz1236357.jpg,https://auctions.c.yimg.jp/images.auctions.yahoo.co.jp/image/dr000/auc0110/users/fb7c459cfb2970b7f414d0978645b8f19296b18c/i-img1200x900-1602549485e6b5e61498709.jpg,https://auctions.c.yimg.jp/images.auctions.yahoo.co.jp/image/dr000/auc0110/users/fb7c459cfb2970b7f414d0978645b8f19296b18c/i-img1200x900-1602549485napgec1648.jpg,https://auctions.c.yimg.jp/images.auctions.yahoo.co.jp/image/dr000/auc0110/users/fb7c459cfb2970b7f414d0978645b8f19296b18c/i-img1200x869-1602549484a30gto1592082.jpg,https://auctions.c.yimg.jp/images.auctions.yahoo.co.jp/image/dr000/auc0110/users/fb7c459cfb2970b7f414d0978645b8f19296b18c/i-img1200x1200-1602549486wgbpxh4034.jpg,https://auctions.c.yimg.jp/images.auctions.yahoo.co.jp/image/dr000/auc0110/users/fb7c459cfb2970b7f414d0978645b8f19296b18c/i-img1200x1200-1602549485aa7qiz1310225.jpg,https://auctions.c.yimg.jp/images.auctions.yahoo.co.jp/image/dr000/auc0110/users/fb7c459cfb2970b7f414d0978645b8f19296b18c/i-img1200x1200-1602549485tzfzh01478308.jpg," 12,000","13,600"
