,タイトル,URL_y,ID,Title,main key,Category,SKU,説明,状態_y,画像1,画像2,画像3,画像4,画像5,画像6,画像7,現在価格,即決価格,相場価格,自己設定価格,最高販売価格,最安仕入価格,kg,integrated,相場価格,最高販売価格,最高売値,最安仕入価格,粗利,希望利益率,仕入送料,送料設定,送料,出品料,落札料,Paypal,支出合計,仕入れ値上限,営業利益,利益率,販売額,希望営業利益,Positive,Middle,Negative
0,希少新品！密教法具 前具 一面器 六器一組 仏器一対 華瓶一対塗香器 洒水器 金剛鈴 金剛盤 火舎香炉 五鈷杵 三鈷杵 独鈷杵全20種 護摩,https://page.auctions.yahoo.co.jp/jp/auction/s782474853,s782474853, 希少新品！密教法具 前具 一面器 六器一組 仏器一対 華瓶一対塗香器 洒水器 金剛鈴 金剛盤...,incense burner,73466.0,4739-8b7e-68266916b5b2-s782474853-202012-0714-3440, 商品説明カテゴリ 住まい、インテリア 仏壇、仏具 仏具一般状態 未使用 ☆状 態 ☆新品未使用仏具卸、小売店に納める商品（密教法具）を製造価格で工房より直出品です。サイズ：精密工芸品 唐密真言宗 仏具 金剛盤90㎜ 金剛鈴70㎜ 五鈷杵60㎜ 三鈷杵60㎜ 独鈷杵60㎜ 五点セット 90㎜前後 真鍮磨き仕上 純銅製支払詳細・Yahoo!かんたん決済発送詳細・発送飛脚宅配便(佐川急便)※発送日より約7日～13日で到着。配送日数：通常の目安を記載してあります。繁忙期、販売店の休祝日、税関等の影響で遅れる場合もございます。 ※週末は休日なので、出荷することはできません。 ご落札後24時間内ご連絡を頂きます、 お客様が早くご連絡ほど商品が早く届けます■注意事項※落札後、在庫状況により、商品変更か取引キャンセルか対応する場合がございますので、是非、その時ご理解とご容赦のほどよろしくお願いします※素人採寸ですので参考までにお願いします※色は光の加減で見え方が変わることがありますのでご了承願いします※スムーズに取引できますように心がけておりますので、どうぞよろしくお願いいたします※基本的に入札後、落札後のキャンセルはお受けいたしておりません※著しく評価の悪い方、新規の方は当方の基準で入札を削除する場合がありますいますのでご注意く支払詳細・Yahoo!かんたん決済発送詳細・発送飛脚宅配便(佐川急便)※発送日より約7日～13日で到着。配送日数：通常の目安を記載してあります。繁忙期、販売店の休祝日、税関等の影響で遅れる場合もございます。 ※週末は休日なので、出荷することはできません。 ご落札後24時間内ご連絡を頂きます、 お客様が早くご連絡ほど商品が早く届けます■注意事項※落札後、在庫状況により、商品変更か取引キャンセルか対応する場合がございますので、是非、その時ご理解とご容赦のほどよろしくお願いします※素人採寸ですので参考までにお願いします※色は光の加減で見え方が変わることがありますのでご了承願いします※スムーズに取引できますように心がけておりますので、どうぞよろしくお願いいたします※基本的に入札後、落札後のキャンセルはお受けいたしておりません※著しく評価の悪い方、新規の方は当方の基準で入札を削除する場合がありますいますのでご注意く , 未使用 ,https://auctions.c.yimg.jp/images.auctions.yahoo.co.jp/image/dr000/auc0109/users/9fdb9f0e39dcdd62cb5f0a26f073e91f65e0606e/i-img650x663-1600832748znbqn4208409.jpg,https://auctions.c.yimg.jp/images.auctions.yahoo.co.jp/image/dr000/auc0109/users/9fdb9f0e39dcdd62cb5f0a26f073e91f65e0606e/i-img650x663-16008327484nmgb58244.jpg,https://auctions.c.yimg.jp/images.auctions.yahoo.co.jp/image/dr000/auc0109/users/9fdb9f0e39dcdd62cb5f0a26f073e91f65e0606e/i-img650x663-1600832748bxwd6w234287.jpg,https://auctions.c.yimg.jp/images.auctions.yahoo.co.jp/image/dr000/auc0109/users/9fdb9f0e39dcdd62cb5f0a26f073e91f65e0606e/i-img650x589-1600832748ysrx0k8332.jpg,https://auctions.c.yimg.jp/images.auctions.yahoo.co.jp/image/dr000/auc0109/users/9fdb9f0e39dcdd62cb5f0a26f073e91f65e0606e/i-img650x688-16008327487gzysx550349.jpg,https://auctions.c.yimg.jp/images.auctions.yahoo.co.jp/image/dr000/auc0109/users/9fdb9f0e39dcdd62cb5f0a26f073e91f65e0606e/i-img650x713-1600832748p4mxdw471984.jpg,https://auctions.c.yimg.jp/images.auctions.yahoo.co.jp/image/dr000/auc0109/users/9fdb9f0e39dcdd62cb5f0a26f073e91f65e0606e/i-img650x663-1600832748itjhvk445777.jpg,," 30,000",45000.0,0,45000.0,30000.0,0.7,0.7,45000.0,45000.0,47685.0,30000.0,17685.0,25,1000,0.5~0.8kg,1685,0,4768.5,1859.7,161657.0,27450.5,-143972.0,-33.1,51857.6,-139799.4,68731.0,51857.6,40569.8
1,極絶★紫砂龍 龍戯珠 逆流香炉 香台 香皿 線香立 還流香 雑貨 置物 レトロ オブジェ 美術品 アンティーク 開運 風水 縁起物 オフェンス,https://page.auctions.yahoo.co.jp/jp/auction/s787483102,s787483102, 極絶★紫砂龍 龍戯珠 逆流香炉 香台 香皿 線香立 還流香 雑貨 置物 レトロ オブジェ 美...,incense burner,73466.0,415e-980a-7ab1a50e0b57-s787483102-202012-0714-3440, ★商品について：新品未使用 ★商品コード: MA138 ★カラー：写真参照1 ★素材：紫砂国際スピード郵便Yahoo!かんたん決済（詳細）【配送方法、送料】 ●送料：全国一律1500円※在庫の保管状況により、他商品との同梱には対応しておりません。 ●国際スピード郵便の場合：通常の情況 .ご入金頂いてから通常6日から8日程度のお届けです。（天候悪化、祝日、税関検査に伴い配送状況に遅延が発生する場合もあり、予めいご了承してください） ●荷物状況の追跡が可能です。 【注意事項 】■画面の環境により写真のイメージと異なる場合がありますので、あらかじめご確認ください。■オークション終了日から 7日経過してもご連絡&amp;ご決済が完了しない場合、お客様都合の削除処理を行います。この処理を行いますとお客様の評価を Yahoo! のシステム上、自動的に悪いが入ります。 ご注意頂きます様お願い申し上げます■万が一 「不良品」 「ご注文内容異なる」 商品を届く場合は 到着後3日以内に写真を撮ってかメールでご連絡ください。商品の在庫がある場合は交換が可能ですが 欠品の場合は全額返金、誠実に対応させて頂きます。3日を経過した場合は、対応がができきかねますのでお気をつけくださいませ。 ■通関手続きや天候の影響で遅れる場合や発送中に問題が発生した場合は迅速に対応をさせて頂きますので、突然の悪い評価でのご連絡はお控え下さい。 , 未使用 ,https://auctions.c.yimg.jp/images.auctions.yahoo.co.jp/image/dr000/auc0109/users/2afc79587d5de7735770a073f1762b6f160894fe/i-img750x750-1601279872zuuquw25231.jpg,https://auctions.c.yimg.jp/images.auctions.yahoo.co.jp/image/dr000/auc0109/users/2afc79587d5de7735770a073f1762b6f160894fe/i-img750x750-16012798722mylyl22745.jpg,https://auctions.c.yimg.jp/images.auctions.yahoo.co.jp/image/dr000/auc0109/users/2afc79587d5de7735770a073f1762b6f160894fe/i-img750x750-1601279873dktcml17766.jpg,https://auctions.c.yimg.jp/images.auctions.yahoo.co.jp/image/dr000/auc0109/users/2afc79587d5de7735770a073f1762b6f160894fe/i-img788x849-1601279871aowjlz22751.jpg,https://auctions.c.yimg.jp/images.auctions.yahoo.co.jp/image/dr000/auc0109/users/2afc79587d5de7735770a073f1762b6f160894fe/i-img788x788-1601279872tj6pjs667926.jpg,https://auctions.c.yimg.jp/images.auctions.yahoo.co.jp/image/dr000/auc0109/users/2afc79587d5de7735770a073f1762b6f160894fe/i-img787x891-16012798736tjgz317753.jpg,https://auctions.c.yimg.jp/images.auctions.yahoo.co.jp/image/dr000/auc0109/users/2afc79587d5de7735770a073f1762b6f160894fe/i-img745x745-1601279873zqyjtd498871.jpg," 4,800","15,800",14400.0,0,15800.0,14400.0,0.7,0.7,14400.0,15800.0,18485.0,14400.0,4085.0,25,1000,0.5~0.8kg,1685,0,1848.5,720.9,161657.0,9609.3,-157572.0,-11.7,26325.7,-149731.3,34891.5,26325.7,20595.4
2,徳川家　三つ葉葵家紋　三足香炉　香道具,https://page.auctions.yahoo.co.jp/jp/auction/g472858125,g472858125, 徳川家　三つ葉葵家紋　三足香炉　香道具,incense burner,73466.0,40fe-9904-aaaf6352efc8-g472858125-202012-0714-3440," 大きさ：高さ約12cm 口径約6cm 胴径約１１．５ｃｍ 三つ葉葵紋の三足香炉です。経年による汚れ・擦れキズ等がご在ますが、割れや、欠け等は見受けられません。ノークレーム・ノーリターンでお願いします。落札後２４時間以内の取引連絡ができ、２日以内に送金手続きが可能な方のみ応札して下さい。 評価ゼロ以下（新規含む）またキャンセルの多い方はご遠慮して下さい。場合によっては予告なしでの入札取り消しがありますのでご了承下さい。（どうしてもの方は質問欄でその旨をお知らせ下さい。検討いたします。） 写真（炉内の物は、フラッシュのため、色が他と違います。）をよくご覧頂き、納得の上での,入札を宜しくお願い致します。発送はゆうパックで 、サイズは６０です。 ", やや傷や汚れあり ,https://auctions.c.yimg.jp/images.auctions.yahoo.co.jp/image/dr000/auc0111/users/25318a64faf35b3109f89604544b9fb6aff5ae0b/i-img1200x900-1606709069oplozb9646.jpg,https://auctions.c.yimg.jp/images.auctions.yahoo.co.jp/image/dr000/auc0111/users/25318a64faf35b3109f89604544b9fb6aff5ae0b/i-img1200x900-1606709099zudce39687.jpg,https://auctions.c.yimg.jp/images.auctions.yahoo.co.jp/image/dr000/auc0111/users/25318a64faf35b3109f89604544b9fb6aff5ae0b/i-img1200x900-16067091278uvkv0485870.jpg,https://auctions.c.yimg.jp/images.auctions.yahoo.co.jp/image/dr000/auc0111/users/25318a64faf35b3109f89604544b9fb6aff5ae0b/i-img1200x900-1606709149ivkuwj586113.jpg,https://auctions.c.yimg.jp/images.auctions.yahoo.co.jp/image/dr000/auc0111/users/25318a64faf35b3109f89604544b9fb6aff5ae0b/i-img1200x900-1606709175kxaykb583964.jpg,,," 3,000","5,000",9000.0,0,9000.0,5000.0,0.7,0.7,9000.0,9000.0,11685.0,5000.0,6685.0,25,1000,0.5~0.8kg,1685,0,1168.5,455.7,161657.0,5454.5,-154972.0,-7.5,10941.1,-155715.9,14501.1,10941.1,8559.5
3,(55) 香炉 真鍮製 龍 獅子 / 石 竜,https://page.auctions.yahoo.co.jp/jp/auction/l642441218,l642441218, (55) 香炉 真鍮製 龍 獅子 / 石 竜,incense burner,73466.0,4259-8c5b-1ca9fa223811-l642441218-202012-0714-3440," Auction Templates オクのミカタ ヤフオクの商品追加画像をカンタンに追加. 香炉 ◇寸法と状態 寸法：幅16 奥行き12 高さ14 ㎝ 大体の寸法です。 状態；経年の傷み、汚れ、サビあります。 細かい所を気にされる方は入札を控えてください。 ◇注意事項 納金金額は落札金額＋送料です。 ノークレーム、ノーリターンでお願いいします。 受取連絡が出来る落札者のみ入札をお願いいたします。 大きさを比較する物は含まれません。 写真の色はお使いのモニターによって見え方が異なります。また光の加減により正確な色が写っていません。 落札から 48時間以内のご連絡、3日以内にご入金可能な方。 大変申し訳ございません。勝手ながら評価などよりお取引に不安を感じた時には入札を取り消しさせていただく場合があります。 土日祝日に発送、連絡、質問の答える事が出来ませんのでご了承下さい。 迅速な発送を心がけておりますが、 年末年始、ゴールデンウィーク、お盆などの長期連休が重なった場合や、諸事情により発送が遅れてしまう場合もございますのでご了承下さい。 ◆同梱、取り置きに付いて。 私供が同梱出来ると判断しました出品品だけ。 同週2出品だけと去せて下さい。 最初の出品品を落札されまして、最初の連絡で同梱、取り置きの連絡をもらいました時だけです。 その時送料が変わる事が有りますので同梱しまして送料、梱包材費を含め連絡します。 大きな出品品は出来ません。 ◇送料 発送方法：ゆうパック 広島：1,010円 近畿;奈良 滋賀 京都 大阪 兵庫 和歌山：1,080円 中国;岡山 鳥取 島根 山口：1,080円 四国;徳島 香川 愛媛 高知：1,080円 九州;福岡 佐賀 長崎 熊本 大分 宮崎 鹿児島：1,080円 北陸;富山 石川 福井：1,180円 東海;静岡 愛知 岐阜 三重：1,180円 関東;茨城 栃木 群馬 埼玉 千葉 東京 神奈川 山梨：1,290円 信越;新潟 長野：1,290円 東北：青森 岩手 宮城 秋田 山形 福島：1,500円 沖縄：1,480円 北海道：1,720円 発送方法はゆうパックだけです。 ◇その他 基本的に、商品は一点ものとなり、中古やアンティーク、ヴィンテ－ジ品を数多く扱っております。・古いモノですので完全な動作や状態を保証できません。メンテナンス・修理が必要な場合落札者様でお願いします。その他不明な点がございましたら、当方がわかる範囲にてお答えいたします。動作確認時から日数を経ることにより必ずしもその状態のままとは限りません。未使用やデッドストック品も含め今後の動作の保証はできません。専門的な知識のない商品も数多くあり、完全な動作・状態・作製年代などを保証できません。商品特性をご理解いただき全商品ノークレームノーリターンでお願いします。 年代、産地は素人見です。 + + + この商品説明はオークションプレートメーカー２で作成しました + + + No.202.001.004 ", 傷や汚れあり ,https://auctions.c.yimg.jp/images.auctions.yahoo.co.jp/image/dr000/auc0112/users/61fbc5c237ddd90e088a37cda6d01586819a624f/i-img600x450-1607220181q9jqcx128.jpg,https://auctions.c.yimg.jp/images.auctions.yahoo.co.jp/image/dr000/auc0112/users/61fbc5c237ddd90e088a37cda6d01586819a624f/i-img600x312-1607220181kvm3b1128.jpg,https://auctions.c.yimg.jp/images.auctions.yahoo.co.jp/image/dr000/auc0112/users/61fbc5c237ddd90e088a37cda6d01586819a624f/i-img600x308-1607220181z60t15128.jpg,https://auctions.c.yimg.jp/images.auctions.yahoo.co.jp/image/dr000/auc0112/users/61fbc5c237ddd90e088a37cda6d01586819a624f/i-img600x450-16072201811nbjsa128.jpg,https://auctions.c.yimg.jp/images.auctions.yahoo.co.jp/image/dr000/auc0112/users/61fbc5c237ddd90e088a37cda6d01586819a624f/i-img600x450-1607220181lkidte128.jpg,https://auctions.c.yimg.jp/images.auctions.yahoo.co.jp/image/dr000/auc0112/users/61fbc5c237ddd90e088a37cda6d01586819a624f/i-img600x450-1607220181gutmlj128.jpg,https://auctions.c.yimg.jp/images.auctions.yahoo.co.jp/image/dr000/auc0112/users/61fbc5c237ddd90e088a37cda6d01586819a624f/i-img600x450-1607220181vo06on128.jpg," 4,500","8,000",13500.0,0,13500.0,8000.0,0.7,0.7,13500.0,13500.0,16185.0,8000.0,8185.0,25,1000,0.5~0.8kg,1685,0,1618.5,631.2,161657.0,8204.0,-153472.0,-10.5,15851.1,-153805.9,21008.7,15851.1,12400.8
4,【西】Ｘ073 四代 真清水蔵六 三島 香炉 共箱,https://page.auctions.yahoo.co.jp/jp/auction/j672611811,j672611811, 【西】Ｘ073 四代 真清水蔵六 三島 香炉 共箱,incense burner,73466.0,4d03-8e4e-9ddf56992e3e-j672611811-202012-0714-3440, 商品説明サイズ 幅 約 11.2ｃｍ 高さ 約 9.7ｃｍ 状態 画像参照 注意事項■ 時代・作家名・状態・材質等は主観に基づき確定するものではありません。入札者の見識により自己責任のもとご自身の納得のいく値段でご入札ください。本物保証と記された商品以外は前述した通り、タイトル説明文と異なる場合もあり得る点再度お伝えします。古物中心の出品の為、全て漏らさず情報を掲載することは困難です。よって画像や説明文以外にも汚れスレなど経年損傷あることを前提の入札とし、与えられた画像と説明より入札者の見識による総合的な価値判断に基づいて入札されたものであると判断致します。その為、万が一掲載画像と説明文の情報の遺漏、誤記があった場合においても入札後及び商品受取後にその点を事由とした入札の取消、返品はお受けできません。 予めご了承ください。■ タイトル・商品説明欄に「保証」と記載されたもので 個人的見解を除き公的に認められた所定鑑定人及び機関の鑑定により贋作と判明した場合は、落札代金、送料とも全額ご返金いたします。その際の返金は落札金額と送料のみで鑑定料及びそれに伴う経費は負担出来かねます。■ 画像は現物を撮影しておりますが、照度、遮光、モニターによっては実物と色目が異なって見えることがありますのでご注意ください。■ お取引につきましてのご連絡 ４８時間以内お支払 １週間以内上記の条件でお願いいたします。（守れない方については不本意ながら取引意思がないと判断させていただく可能性があります。）■返品について① 思っていたイメージと違う、などのお客様主観による返品はお受けできませんので、予めご了承ください。② 商品到着後、8日以上経過した商品はいかなる場合も返品をお受けできません。万が一、当店に原因のある場合には、商品到着日より7日以内にご連絡ください。送料当店負担の上、ご返金させていただきます。（ご返金は弊社検品後となります。）■ キャンセルについて基本的には、お受けしておりません。どうしてもキャンセル希望の場合は、落札金額の20パーセントをお支払いいただきます。■ 同梱・まとめて取引について評価が95％未満の方、総合評価が100以下の方は、対応出来ません。（まとめて取引後削除が出来なくなる為、又当方の判断で対応しない事もあります。）■ 支払金額について落札者様に負担いただく金額については落札金額+送料+お振込み手数料です。（支払方法をご指定されましても記載方法以外の対応はできません。）■ その他の留意点評価が著しく悪い方やこちらが不安になる評価をお持ちの方の入札は、予告無く取り消しをさせていただく場合があります。返品、交換、クレーム、補償無し発送方法の際の補償など一切お受けできません。入金確認・郵送については迅速に対応させていただく予定ですが郵便局営業日の都合上、土日・祝日は発送が出来かねます。以上こちらの条件ばかりで申し訳ございませんが上記すべてにご了承いただける方のみ入札のほうよろしくお願いいたします。■この度は当オークションの商品を閲覧していただき、ありがとうございました。他にも多数の商品を取り扱いしておりますので、是非ご覧になってください。送付方法ゆうパック支払方法Yahoo!かんたん決済（詳細）この商品説明は オークション落札相場サイト「オークファン」出品テンプレート で作成されています。Powered by aucfan.com , 目立った傷や汚れなし ,,,,,,,,," 35,000",52500.0,0,52500.0,35000.0,0.7,0.7,52500.0,52500.0,55185.0,35000.0,20185.0,25,1000,0.5~0.8kg,1685,0,5518.5,2152.2,161657.0,32033.0,-141472.0,-39.0,60040.9,-136616.1,79577.0,60040.9,46971.8
5,伽羅《村雲》香木　香炉　沈香　聞香　中国美術　お茶会,https://page.auctions.yahoo.co.jp/jp/auction/j697816922,j697816922, 伽羅《村雲》香木　香炉　沈香　聞香　中国美術　お茶会,incense burner,73466.0,4a7b-906f-9ea99a2c2046-j697816922-202012-0714-3440, 商品説明伽羅『銘 村雲』です！とても良い香りのする文句なしの一品です。小さいですが沈水します！注意事項・すべての出品物は骨董品、中古品ですので、説明しきれない時代物としてのスレ、小傷、変色、等ございます。そういった経年の欠点を気になさる方、神経質な方は入札をされない方が良いかと思います。そういう時代感等をご理解していただける方からの入札お待ちしております。また新規の方、極端に悪い評価が多い方のご入札は取り消しさせていただくことがございますので、お求めの際は質問欄より一言頂けると幸いです。・特殊機材による撮影、計測等は行っていませんので、写真による色の誤差や実寸の誤差が生じる場合もございます。・基本的には売り切りですが希望価格に達しない場合取り消しする事がございます。ご了承の上、御入札の程よろしくお願いいたします。・原則ご落札後、一週間以内にご入金出来る方のみご入札お願いします。分かる範囲内でお答え致しますのでご不明点等ございましたらお気軽にご質問ください。落札された場合誠心誠意ご対応させて頂きます , 未使用に近い ,https://auctions.c.yimg.jp/images.auctions.yahoo.co.jp/image/dr000/auc0112/users/3f4c0ae4df1cc808047e2cf17d89df4da50b8fc2/i-img1200x1200-16071735984xydhe17778.jpg,https://auctions.c.yimg.jp/images.auctions.yahoo.co.jp/image/dr000/auc0112/users/3f4c0ae4df1cc808047e2cf17d89df4da50b8fc2/i-img1200x1200-1607173598alccos17778.jpg,https://auctions.c.yimg.jp/images.auctions.yahoo.co.jp/image/dr000/auc0112/users/3f4c0ae4df1cc808047e2cf17d89df4da50b8fc2/i-img1200x1200-1607173598uggt4v17778.jpg,https://auctions.c.yimg.jp/images.auctions.yahoo.co.jp/image/dr000/auc0112/users/3f4c0ae4df1cc808047e2cf17d89df4da50b8fc2/i-img1200x1200-1607173598ys8hl917778.jpg,,,," 1,000","20,000",3000.0,0,20000.0,3000.0,0.7,0.7,3000.0,20000.0,22685.0,3000.0,19685.0,25,1000,0.5~0.8kg,1685,0,2268.5,884.7,161657.0,12175.5,-141972.0,-16.0,7667.8,-156989.2,10162.7,7667.8,5998.7
6,【最上】銀造吊香炉 希少品 鳥 花 花鳥風月紋極密細工 23.0㎝　唐木台 時代大名道具 古玩煎茶道具 仏具 香道 銀瓶 鉄瓶 124,https://page.auctions.yahoo.co.jp/jp/auction/d466328274,d466328274, 【最上】銀造吊香炉 希少品 鳥 花 花鳥風月紋極密細工 23.0㎝　唐木台 時代大名道具 古...,incense burner,73466.0,4fcc-a6cf-8db8b942cbc7-d466328274-202012-0714-3440, 希少品！ 【最上】銀造吊香炉 希少品 鳥 花 花鳥風月紋極密細工 23.0㎝ 唐木台 時代大名道具 古玩煎茶道具 仏具 香道 銀瓶 鉄瓶 124 -------商品説明---------------------------------- 【商品情報】 サイズ：台座高さ23.0㎝×幅14.0㎝×奥行7.5㎝・香炉直径5.5㎝ ------- 注意事項 ---------------------------------- ★【状態】 商品自体がたいへん古いものでございますので経年によるスレや傷みがございます。 ※神経質な方の入札はご遠慮ください。 画像たくさん載せておりますのでお確かめください。（※画像に乗っている物が全てです。） 素人の為、タイトルに誤りがあるかもしれません。鑑定書などは付随しておりませんのでお安く出品しております。画像にてご判断いただける方のご入札お願いいたします。 ご新規様のご入札で不審に感じた場合は入札を取消いたします。また、著しく評価の悪い方とのお取引は後のトラブル回避のため遠慮とさせていただきます。それでもご興味がある場合は必ずご入札の意思をご質問よりお願いします。 ★【落札後の注意】 落札後のキャンセルはご遠慮ください。また、落札後にご質問はおやめください。何か商品につてご質問がある場合は必ずご入札前にご質問をお願いいたします。落札者様へのご連絡を申し上げてから3日過ぎましてもご連絡頂けない場合は、誠に残念ながら落札者様都合のキャンセルとさせて頂きますことをご了承ください。 こちらからの評価はしておりませんので、予めご了承くださいませ。土日はお返事ができない場合があります事ご了承くださいませ。 ★【返品について】 基本的には返品はお断りしておりますが当方に不備があり、お取引ナビよりご連絡をいただけた場合は返品をお受けいたします。 落札後のキャンセルはお受けできません。ノークレームノーリターンにてお願いしております。 ------- 発送方法 ---------------------------------- 大阪よりゆうパックにてお届けします。その他定形外やレターパックも対応します。 ------- 支払方法 ---------------------------------- 3/1日よりヤフオクの決済方法が簡単決済のみとなりました。 , 目立った傷や汚れなし ,https://auctions.c.yimg.jp/images.auctions.yahoo.co.jp/image/dr000/auc0111/users/17b3ce4dbff73e53aa79d31fc5a0278c49647bef/i-img720x480-1605849883nmzwdm25050.jpg,https://auctions.c.yimg.jp/images.auctions.yahoo.co.jp/image/dr000/auc0111/users/17b3ce4dbff73e53aa79d31fc5a0278c49647bef/i-img720x480-1605849883adf8zn12679.jpg,https://auctions.c.yimg.jp/images.auctions.yahoo.co.jp/image/dr000/auc0111/users/17b3ce4dbff73e53aa79d31fc5a0278c49647bef/i-img720x480-16058498837cisyk18580.jpg,https://auctions.c.yimg.jp/images.auctions.yahoo.co.jp/image/dr000/auc0111/users/17b3ce4dbff73e53aa79d31fc5a0278c49647bef/i-img720x480-1605849883rpbx1m97725.jpg,https://auctions.c.yimg.jp/images.auctions.yahoo.co.jp/image/dr000/auc0111/users/17b3ce4dbff73e53aa79d31fc5a0278c49647bef/i-img720x480-1605849883f4zfbf97731.jpg,https://auctions.c.yimg.jp/images.auctions.yahoo.co.jp/image/dr000/auc0111/users/17b3ce4dbff73e53aa79d31fc5a0278c49647bef/i-img720x480-1605849944xublbq109475.jpg,https://auctions.c.yimg.jp/images.auctions.yahoo.co.jp/image/dr000/auc0111/users/17b3ce4dbff73e53aa79d31fc5a0278c49647bef/i-img720x480-1605850000vkkgun113926.jpg," 12,000","25,000",36000.0,0,36000.0,25000.0,0.7,0.7,36000.0,36000.0,38685.0,25000.0,13685.0,25,1000,0.5~0.8kg,1685,0,3868.5,1508.7,161657.0,21951.5,-147972.0,-26.1,43674.3,-142982.7,57885.0,43674.3,34167.7
7,【西】Ｙ863 二代 徳田八十吉 四方 香炉 共箱,https://page.auctions.yahoo.co.jp/jp/auction/j672410715,j672410715, 【西】Ｙ863 二代 徳田八十吉 四方 香炉 共箱,incense burner,73466.0,49c8-aad0-ac013166e0c9-j672410715-202012-0714-3440, 商品説明サイズ 幅 約 6.8ｃｍ 高さ 約 8.5ｃｍ状態 画像参照 ：蓋割れあり。注意事項■ 時代・作家名・状態・材質等は主観に基づき確定するものではありません。入札者の見識により自己責任のもとご自身の納得のいく値段でご入札ください。本物保証と記された商品以外は前述した通り、タイトル説明文と異なる場合もあり得る点再度お伝えします。古物中心の出品の為、全て漏らさず情報を掲載することは困難です。よって画像や説明文以外にも汚れスレなど経年損傷あることを前提の入札とし、与えられた画像と説明より入札者の見識による総合的な価値判断に基づいて入札されたものであると判断致します。その為、万が一掲載画像と説明文の情報の遺漏、誤記があった場合においても入札後及び商品受取後にその点を事由とした入札の取消、返品はお受けできません。 予めご了承ください。■ タイトル・商品説明欄に「保証」と記載されたもので 個人的見解を除き公的に認められた所定鑑定人及び機関の鑑定により贋作と判明した場合は、落札代金、送料とも全額ご返金いたします。その際の返金は落札金額と送料のみで鑑定料及びそれに伴う経費は負担出来かねます。■ 画像は現物を撮影しておりますが、照度、遮光、モニターによっては実物と色目が異なって見えることがありますのでご注意ください。■ お取引につきましてのご連絡 ４８時間以内お支払 １週間以内上記の条件でお願いいたします。（守れない方については不本意ながら取引意思がないと判断させていただく可能性があります。）■返品について① 思っていたイメージと違う、などのお客様主観による返品はお受けできませんので、予めご了承ください。② 商品到着後、8日以上経過した商品はいかなる場合も返品をお受けできません。万が一、当店に原因のある場合には、商品到着日より7日以内にご連絡ください。送料当店負担の上、ご返金させていただきます。（ご返金は弊社検品後となります。）■ キャンセルについて基本的には、お受けしておりません。どうしてもキャンセル希望の場合は、落札金額の20パーセントをお支払いいただきます。■ 同梱・まとめて取引について評価が95％未満の方、総合評価が100以下の方は、対応出来ません。（まとめて取引後削除が出来なくなる為、又当方の判断で対応しない事もあります。）■ 支払金額について落札者様に負担いただく金額については落札金額+送料+お振込み手数料です。（支払方法をご指定されましても記載方法以外の対応はできません。）■ その他の留意点評価が著しく悪い方やこちらが不安になる評価をお持ちの方の入札は、予告無く取り消しをさせていただく場合があります。返品、交換、クレーム、補償無し発送方法の際の補償など一切お受けできません。入金確認・郵送については迅速に対応させていただく予定ですが郵便局営業日の都合上、土日・祝日は発送が出来かねます。以上こちらの条件ばかりで申し訳ございませんが上記すべてにご了承いただける方のみ入札のほうよろしくお願いいたします。■この度は当オークションの商品を閲覧していただき、ありがとうございました。他にも多数の商品を取り扱いしておりますので、是非ご覧になってください。送付方法ゆうパック支払方法Yahoo!かんたん決済（詳細）この商品説明は オークション落札相場サイト「オークファン」出品テンプレート で作成されています。Powered by aucfan.com , 傷や汚れあり ,,,,,,,,," 14,980",22470.0,0,22470.0,14980.0,0.7,0.7,22470.0,22470.0,25155.0,14980.0,10175.0,25,1000,0.5~0.8kg,1685,0,2515.5,981.0,161657.0,13684.7,-151482.0,-16.6,27275.0,-149362.0,36149.7,27275.0,21338.0
8,【201204 H】中古　煎茶道具　九谷庄三造　色絵花鳥賢人文三足香炉,https://page.auctions.yahoo.co.jp/jp/auction/k515264566,k515264566, 【201204 H】中古　煎茶道具　九谷庄三造　色絵花鳥賢人文三足香炉,incense burner,73466.0,4281-a5b7-82fed14e3593-k515264566-202012-0714-3440, 《サイズ》 直径10cm ｘ 高さ10cm （含む蓋） 《商品の状態》 中古品 《ご注意点》 ※落札後のキャンセル・返金には応じられません。 ※中古品につき、神経質な方の入札はご遠慮願います。 また、ノークレーム/ノーリターンでお願い致します。 《送料》 ヤフネコ宅急便（60サイズ） , 目立った傷や汚れなし ,https://auctions.c.yimg.jp/images.auctions.yahoo.co.jp/image/dr000/auc0112/users/0a18de9f67b17fbc8565a8b732de6ee39f14bf36/i-img1200x900-1607210877daob0a3684.jpg,https://auctions.c.yimg.jp/images.auctions.yahoo.co.jp/image/dr000/auc0112/users/0a18de9f67b17fbc8565a8b732de6ee39f14bf36/i-img1200x900-1607210866fkt4bc762418.jpg,https://auctions.c.yimg.jp/images.auctions.yahoo.co.jp/image/dr000/auc0112/users/0a18de9f67b17fbc8565a8b732de6ee39f14bf36/i-img1200x900-1607210902ydcw6y713094.jpg,https://auctions.c.yimg.jp/images.auctions.yahoo.co.jp/image/dr000/auc0112/users/0a18de9f67b17fbc8565a8b732de6ee39f14bf36/i-img1200x900-1607210855ow3ljw716988.jpg,https://auctions.c.yimg.jp/images.auctions.yahoo.co.jp/image/dr000/auc0112/users/0a18de9f67b17fbc8565a8b732de6ee39f14bf36/i-img1200x900-1607210914zzsfni908604.jpg,https://auctions.c.yimg.jp/images.auctions.yahoo.co.jp/image/dr000/auc0112/users/0a18de9f67b17fbc8565a8b732de6ee39f14bf36/i-img1200x900-1607210926p74kta769159.jpg,https://auctions.c.yimg.jp/images.auctions.yahoo.co.jp/image/dr000/auc0112/users/0a18de9f67b17fbc8565a8b732de6ee39f14bf36/i-img1200x900-1607210935nmj2yg713094.jpg,," 6,000",9000.0,0,9000.0,6000.0,0.7,0.7,9000.0,9000.0,11685.0,6000.0,5685.0,25,1000,0.5~0.8kg,1685,0,1168.5,455.7,161657.0,5454.5,-155972.0,-7.5,12577.7,-155079.3,16670.3,12577.7,9839.9
9,伽羅《月露》香木　沈香　お香　香炉　聞香　組香,https://page.auctions.yahoo.co.jp/jp/auction/b522337104,b522337104, 伽羅《月露》香木　沈香　お香　香炉　聞香　組香,incense burner,73466.0,4480-91ba-b800f1f17e84-b522337104-202012-0714-3440, 商品説明伽羅『銘 月露』です！とても良い香りのする文句なしの一品です。小さいですが沈水します！注意事項・すべての出品物は骨董品、中古品ですので、説明しきれない時代物としてのスレ、小傷、変色、等ございます。そういった経年の欠点を気になさる方、神経質な方は入札をされない方が良いかと思います。そういう時代感等をご理解していただける方からの入札お待ちしております。また新規の方、極端に悪い評価が多い方のご入札は取り消しさせていただくことがございますので、お求めの際は質問欄より一言頂けると幸いです。・特殊機材による撮影、計測等は行っていませんので、写真による色の誤差や実寸の誤差が生じる場合もございます。・基本的には売り切りですが希望価格に達しない場合取り消しする事がございます。ご了承の上、御入札の程よろしくお願いいたします。・原則ご落札後、一週間以内にご入金出来る方のみご入札お願いします。分かる範囲内でお答え致しますのでご不明点等ございましたらお気軽にご質問ください。落札された場合誠心誠意ご対応させて頂きます , 未使用に近い ,https://auctions.c.yimg.jp/images.auctions.yahoo.co.jp/image/dr000/auc0112/users/3f4c0ae4df1cc808047e2cf17d89df4da50b8fc2/i-img1200x1200-1607173651phmzjs886948.jpg,https://auctions.c.yimg.jp/images.auctions.yahoo.co.jp/image/dr000/auc0112/users/3f4c0ae4df1cc808047e2cf17d89df4da50b8fc2/i-img1200x1200-1607173651jstgwx886948.jpg,https://auctions.c.yimg.jp/images.auctions.yahoo.co.jp/image/dr000/auc0112/users/3f4c0ae4df1cc808047e2cf17d89df4da50b8fc2/i-img1200x1200-1607173651joqrzd886948.jpg,https://auctions.c.yimg.jp/images.auctions.yahoo.co.jp/image/dr000/auc0112/users/3f4c0ae4df1cc808047e2cf17d89df4da50b8fc2/i-img1200x1200-1607173651nnvict886948.jpg,,,," 1,000","20,000",3000.0,0,20000.0,3000.0,0.7,0.7,3000.0,20000.0,22685.0,3000.0,19685.0,25,1000,0.5~0.8kg,1685,0,2268.5,884.7,161657.0,12175.5,-141972.0,-16.0,7667.8,-156989.2,10162.7,7667.8,5998.7
10,時代物 古銅香炉,https://page.auctions.yahoo.co.jp/jp/auction/n474662072,n474662072, 時代物 古銅香炉,incense burner,73466.0,4c91-86b5-334c8e952963-n474662072-202012-0714-3440, ご覧いただきありがとうございます。【商品】時代物 古銅香炉【商品の状態】掲載写真をご確認ください。中古品ですので経年のスレ、汚れ、小キズなどがある場合もあります。できる限り表示いたします。注意事項：写真が全てですので写真でのご判断をお願いします。万が一掲載画像と説明文の情報の遺漏、誤記があった場合におかれましても、入札者様の見解による判断に基づき入札されたものであると判断させて頂きます。～お取引の注意事項～■代理出品の商品です。専門外の為、詳しいご質問にはお答出来かねます。細かいことを気にされる方の入札はご遠慮下さい■写真に写っている物が全てでその状態でのお渡しになります。タイトル・説明欄とお写真に相違があった場合はお写真（現物）を優先とします。付属品等も写真でご確認下さい。 実物のお色と若干異なる場合がございますがご了承ください。■ご決済期間は落札日から3日以内でお願い致します。■落札者都合でキャンセルする場合、落札金額の３０％を賠償金額として請求させていただきます。■返品不可■発送方法佐川急便着払いでの配送になります。■お支払い方法Yahoo!かんたん決済■入札される方は商品及び、お取引の注意事項にご納得頂けたものと判断します。落札後のクレームやキャンセルはお受けできません■ご連絡は落札後24時間以内に連絡用掲示板よりご連絡下さい。落札から3日たってもご連絡が無い場合は落札者都合で削除させて頂きます。■送り間違え等あった場合は商品到着後3日以内にメール又は連絡用掲示板よりご連絡下さい。 , 傷や汚れあり ,https://auctions.c.yimg.jp/images.auctions.yahoo.co.jp/image/dr000/auc0111/users/e7d6b1973ee19a43f74f3b05c6da0cd3768462b8/i-img1200x900-1605511948pil5tc1066879.jpg,https://auctions.c.yimg.jp/images.auctions.yahoo.co.jp/image/dr000/auc0111/users/e7d6b1973ee19a43f74f3b05c6da0cd3768462b8/i-img1200x900-1605511953oaoqud2883873.jpg,https://auctions.c.yimg.jp/images.auctions.yahoo.co.jp/image/dr000/auc0111/users/e7d6b1973ee19a43f74f3b05c6da0cd3768462b8/i-img1200x900-1605511959qki4km1066897.jpg,https://auctions.c.yimg.jp/images.auctions.yahoo.co.jp/image/dr000/auc0111/users/e7d6b1973ee19a43f74f3b05c6da0cd3768462b8/i-img1200x900-1605511963nwjfp630883.jpg,https://auctions.c.yimg.jp/images.auctions.yahoo.co.jp/image/dr000/auc0111/users/e7d6b1973ee19a43f74f3b05c6da0cd3768462b8/i-img1200x900-1605511968gjeewv1063460.jpg,https://auctions.c.yimg.jp/images.auctions.yahoo.co.jp/image/dr000/auc0111/users/e7d6b1973ee19a43f74f3b05c6da0cd3768462b8/i-img1200x900-1605511973ehw9tr1063450.jpg,https://auctions.c.yimg.jp/images.auctions.yahoo.co.jp/image/dr000/auc0111/users/e7d6b1973ee19a43f74f3b05c6da0cd3768462b8/i-img1200x900-1605511978ila3zd1402965.jpg,," 26,800",40200.0,0,40200.0,26800.0,0.7,0.7,40200.0,40200.0,42885.0,26800.0,16085.0,25,1000,0.5~0.8kg,1685,0,4288.5,1672.5,161657.0,24517.7,-145572.0,-29.5,46620.3,-141836.7,61789.6,46620.3,36472.5
11,【宇】576 中国古玩 瑪瑙 香炉 高さ29cm,https://page.auctions.yahoo.co.jp/jp/auction/516586241,516586241, 【宇】576 中国古玩 瑪瑙 香炉 高さ29cm,incense burner,73466.0,-4d5a-87ab-f10ba70d558a-516586241-202012-0714-3440," 商品説明サイズ 幅 約 15.9×19.7ｃｍ 高さ 約 29ｃｍ 状態 画像参照 ※一ヵ所欠け有り。■ 発送方法▼ ゆうパック（補償あり／追跡あり） ※送料全国一律1,400円 但し北海道、沖縄、離島は＋400円いただきます。 発送元は香川県となります。 複数点落札時に同梱をご希望される場合はその旨ご連絡ください、改めて送料をご連絡いたします。（ 商品の組み合わせによっては同梱をお断りさせていただく場合があります。） 梱包材は再利用品を使用する事がありますのでご了承ください。 ※大型商品について タイトルの後ろに◎を記載してあるものは郵便局の規定を超える商品となる為、佐川急便またはヤマトホームコンビニエンスでの発送となります。■ 海外発送▼ EMS、SAL便、船便 ※海外発送の商品については、ご返品・ご返金は一切お受けできませんのでご注意ください。（ワシントン条約に該当する商品の海外発送は出来ません。）注意事項■ 発送先等のご連絡とお支払いについて ※発送先等のご連絡 落札時から４８時間以内にお願い致します。 ※お支払 かんたん決済の期限内にお願い致します。■ 掲載画像について ※画像は現物を撮影しておりますが、照度、遮光、モニターによっては実物と色目が異なって見えることがありますのでご注意ください。 ※スマートフォンからアクセスされている方は『商品詳細を見る』をタップして詳細画像をご覧ください。■ 補償について ※商品到着後はすぐに状態の確認をお願い致します。 商品の破損等がございましたら、箱や梱包材など全てそのままの状態で保存し、お早めにご連絡ください。（到着日から日数経過、海外に輸送済み、梱包材の廃棄済み等の場合、保証は致しかねますのでご注意ください。）■ 返品について ※思っていたイメージと違う、などのお客様主観による返品はお受けできませんので、予めご了承ください。 ※届いた商品がタイトルや商品説明と著しく乖離している等、当店に原因のある場合には、お早めにご連絡ください。 送料当店負担の上、返品対応させていただきます。（ご返金は当店検品後となります。）■ キャンセルについて ※落札後のキャンセルは手数料として落札金額の20パーセントをお支払いいただきます。■ 商品のお取り置きについて ※最初の落札日より、一週間とさせていただきます。オークション終了後、お取り置き希望の旨、ご連絡をお願い致します。■ その他の留意点 ※当店は古物中心の出品の為、本物保証と記されていない商品の材質や作家名、制作時期等は当店の主観に基づいたものとなります。その為、掲載画像をすべて閲覧し、入札者様の見識によりご納得頂いた上で入札をされたものと判断いたします。 ※評価が著しく悪い方やこちらが不安になる評価をお持ちの方の入札は、予告無く取り消しをさせていただく場合があります。 ※発送については迅速に対応させていただきますが営業日の都合上、土日は発送が出来かねます。以上こちらの条件ばかりで申し訳ございませんが上記すべてにご了承いただける方のみ入札のほうよろしくお願いいたします。■ この度は当オークションの商品を閲覧していただき、ありがとうございました。他にも多数の商品を取り扱いしておりますので、是非ご覧になってください。角屋美術〒760-0080香川県高松市木太町415-1℡087-880-6855送付方法ゆうパック、全国一律1,400円、北海道.沖縄.離島は＋400円支払方法Yahoo!かんたん決済（詳細）この商品説明は オークション落札相場サイト「オークファン」出品テンプレート で作成されています。Powered by aucfan.com ", やや傷や汚れあり ,,,,,,,,," 39,800",59700.0,0,59700.0,39800.0,0.7,0.7,59700.0,59700.0,62385.0,39800.0,22585.0,25,1000,0.5~0.8kg,1685,0,6238.5,2433.0,161657.0,36432.2,-139072.0,-44.9,67896.9,-133560.1,89989.2,67896.9,53117.8
12,【最上】銀造吊香炉 希少品 双鳥極密細工 時代大名道具 古玩煎茶道具 仏具 香道 銀瓶　115,https://page.auctions.yahoo.co.jp/jp/auction/e470211588,e470211588, 【最上】銀造吊香炉 希少品 双鳥極密細工 時代大名道具 古玩煎茶道具 仏具 香道 銀瓶　115,incense burner,73466.0,4f4c-8164-f221c1ab190b-e470211588-202012-0714-3440, 希少品！ 【最上】銀造吊香炉 希少品 双鳥極密細工 時代大名道具 古玩煎茶道具 仏具 香道 銀瓶 115 -------商品説明---------------------------------- 【商品情報】 サイズ：香炉直径5.2㎝・長さ15.0㎝・71g※本文の一番最後の写真は使用例です。出品物は香炉のみです。台座は付きません。 ------- 注意事項 ---------------------------------- ★【状態】 商品自体がたいへん古いものでございますので経年によるスレや傷みがございます。 ※神経質な方の入札はご遠慮ください。 画像たくさん載せておりますのでお確かめください。（※画像に乗っている物が全てです。） 素人の為、タイトルに誤りがあるかもしれません。鑑定書などは付随しておりませんのでお安く出品しております。画像にてご判断いただける方のご入札お願いいたします。 ご新規様のご入札で不審に感じた場合は入札を取消いたします。また、著しく評価の悪い方とのお取引は後のトラブル回避のため遠慮とさせていただきます。それでもご興味がある場合は必ずご入札の意思をご質問よりお願いします。 ★【落札後の注意】 落札後のキャンセルはご遠慮ください。また、落札後にご質問はおやめください。何か商品につてご質問がある場合は必ずご入札前にご質問をお願いいたします。落札者様へのご連絡を申し上げてから3日過ぎましてもご連絡頂けない場合は、誠に残念ながら落札者様都合のキャンセルとさせて頂きますことをご了承ください。 こちらからの評価はしておりませんので、予めご了承くださいませ。土日はお返事ができない場合があります事ご了承くださいませ。 ★【返品について】 基本的には返品はお断りしておりますが当方に不備があり、お取引ナビよりご連絡をいただけた場合は返品をお受けいたします。 落札後のキャンセルはお受けできません。ノークレームノーリターンにてお願いしております。 ------- 発送方法 ---------------------------------- 大阪よりゆうパックにてお届けします。その他定形外やレターパックも対応します。 ------- 支払方法 ---------------------------------- 3/1日よりヤフオクの決済方法が簡単決済のみとなりました。 , 目立った傷や汚れなし ,https://auctions.c.yimg.jp/images.auctions.yahoo.co.jp/image/dr000/auc0111/users/17b3ce4dbff73e53aa79d31fc5a0278c49647bef/i-img720x480-16051542884uzhf92665985.jpg,https://auctions.c.yimg.jp/images.auctions.yahoo.co.jp/image/dr000/auc0111/users/17b3ce4dbff73e53aa79d31fc5a0278c49647bef/i-img720x480-1605154288jagwpq2400516.jpg,https://auctions.c.yimg.jp/images.auctions.yahoo.co.jp/image/dr000/auc0111/users/17b3ce4dbff73e53aa79d31fc5a0278c49647bef/i-img720x480-1605154289blhxon1160214.jpg,https://auctions.c.yimg.jp/images.auctions.yahoo.co.jp/image/dr000/auc0111/users/17b3ce4dbff73e53aa79d31fc5a0278c49647bef/i-img720x480-16051542998kqzo02666011.jpg,https://auctions.c.yimg.jp/images.auctions.yahoo.co.jp/image/dr000/auc0111/users/17b3ce4dbff73e53aa79d31fc5a0278c49647bef/i-img720x480-16051543042mbqhl1161506.jpg,https://auctions.c.yimg.jp/images.auctions.yahoo.co.jp/image/dr000/auc0111/users/17b3ce4dbff73e53aa79d31fc5a0278c49647bef/i-img720x480-1605154307jkxr5y2473978.jpg,https://auctions.c.yimg.jp/images.auctions.yahoo.co.jp/image/dr000/auc0111/users/17b3ce4dbff73e53aa79d31fc5a0278c49647bef/i-img720x480-1605154310xtc6ds1165687.jpg," 7,500","14,000",22500.0,0,22500.0,14000.0,0.7,0.7,22500.0,22500.0,25185.0,14000.0,11185.0,25,1000,0.5~0.8kg,1685,0,2518.5,982.2,161657.0,13703.0,-150472.0,-16.7,25671.0,-149986.0,34023.9,25671.0,20083.2
13,【最上】初出し 特大 銀造狐香炉 美術品 狐 稲荷超絶技巧 1.15kg 時代稲荷 時代煎茶道具 古玩仏具 香道 金工細工 大清御製　,https://page.auctions.yahoo.co.jp/jp/auction/r414223409,r414223409, 【最上】初出し 特大 銀造狐香炉 美術品 狐 稲荷超絶技巧 1.15kg 時代稲荷 時代煎茶...,incense burner,73466.0,4f73-bd08-c48a0e1d86af-r414223409-202012-0714-3440, 希少品！ 【最上】初出し 特大 銀造狐香炉 美術品 狐 稲荷超絶技巧 1.15kg 時代稲荷 時代煎茶道具 古玩仏具 香道 金工細工 大清御製 -------商品説明---------------------------------- 【商品情報】 サイズ：幅18.0㎝×16.0㎝×高さ11.5㎝・1.15kg ------- 注意事項 ---------------------------------- ★【状態】 商品自体がたいへん古いものでございますので経年によるスレや傷みがございます。 ※神経質な方の入札はご遠慮ください。 画像たくさん載せておりますのでお確かめください。（※画像に乗っている物が全てです。） 素人の為、タイトルに誤りがあるかもしれません。鑑定書などは付随しておりませんのでお安く出品しております。画像にてご判断いただける方のご入札お願いいたします。 ご新規様のご入札で不審に感じた場合は入札を取消いたします。お取引はご遠慮とさせていただきます。それでもご興味がある場合は必ずご入札の意思をご質問よりお願いします。 ★【落札後の注意】 落札後のキャンセルはご遠慮ください。落札者様へのご連絡を申し上げてから3日過ぎましてもご連絡頂けない場合は、誠に残念ながら落札者様都合のキャンセルとさせて頂きますことをご了承ください。 こちらからの評価はしておりませんので、予めご了承くださいませ。土日はお返事ができない場合があります事ご了承くださいませ。 ★【返品について】 基本的には返品はお断りしておりますが当方に不備があり、お取引ナビよりご連絡をいただけた場合は返品をお受けいたします。 落札後のキャンセルはお受けできません。ノークレームノーリターンにてお願いしております。 ------- 発送方法 ---------------------------------- 大阪よりゆうパックにてお届けします。その他定形外やレターパックも対応します。 ------- 支払方法 ---------------------------------- 3/1日よりヤフオクの決済方法が簡単決済のみとなりました。 , 目立った傷や汚れなし ,https://auctions.c.yimg.jp/images.auctions.yahoo.co.jp/image/dr000/auc0110/users/17b3ce4dbff73e53aa79d31fc5a0278c49647bef/i-img720x972-1602052232i7x4eu14806.jpg,https://auctions.c.yimg.jp/images.auctions.yahoo.co.jp/image/dr000/auc0110/users/17b3ce4dbff73e53aa79d31fc5a0278c49647bef/i-img720x972-1602052232emgv8w14625.jpg,https://auctions.c.yimg.jp/images.auctions.yahoo.co.jp/image/dr000/auc0110/users/17b3ce4dbff73e53aa79d31fc5a0278c49647bef/i-img720x972-1602052232c3rerl14563.jpg,https://auctions.c.yimg.jp/images.auctions.yahoo.co.jp/image/dr000/auc0110/users/17b3ce4dbff73e53aa79d31fc5a0278c49647bef/i-img720x972-1602052232rjlzrk14801.jpg,https://auctions.c.yimg.jp/images.auctions.yahoo.co.jp/image/dr000/auc0110/users/17b3ce4dbff73e53aa79d31fc5a0278c49647bef/i-img720x969-1602052232w4jjjd17441.jpg,https://auctions.c.yimg.jp/images.auctions.yahoo.co.jp/image/dr000/auc0110/users/17b3ce4dbff73e53aa79d31fc5a0278c49647bef/i-img720x969-1602052237zcrbtx1242493.jpg,https://auctions.c.yimg.jp/images.auctions.yahoo.co.jp/image/dr000/auc0110/users/17b3ce4dbff73e53aa79d31fc5a0278c49647bef/i-img720x969-1602052237wxcrh219900.jpg," 25,000","43,000",75000.0,0,75000.0,43000.0,0.7,0.7,75000.0,75000.0,77685.0,43000.0,34685.0,25,1000,0.5~0.8kg,1685,0,7768.5,3029.7,161657.0,45780.5,-126972.0,-61.2,73134.2,-131522.8,96930.6,73134.2,57215.1
14,u-6242 (銅鍍金仏坐像) 【中国美術】チベット/仏教美術/古香炉/古銅製/塗金佛像置物骨董品美術品古玩(高さ24.5cm),https://page.auctions.yahoo.co.jp/jp/auction/c867700721,c867700721, u-6242 (銅鍍金仏坐像) 【中国美術】チベット/仏教美術/古香炉/古銅製/塗金佛像置物...,incense burner,73466.0,4306-a78a-7cf7fd5014f8-c867700721-202012-0714-3440, u-6242 (銅鍍金仏坐像) 【中国美術】チベット/仏教美術/古香炉/古銅製/塗金佛像置物骨董品美術品古玩(高さ24.5cm) 管u-6242 u-6242 (銅鍍金仏坐像) 【中国美術】チベット/仏教美術/古香炉/古銅製/塗金佛像置物骨董品美術品古玩(高さ24.5cm) 旧家からお譲り頂いたものです。 銅鍍金仏坐像です。 古いものですので経年の擦れ汚れ色落ちなどはご了承ください。 (画像等でご確認ください) W145mm xd100mm xh245mm (神経質な方の入札はご遠慮ください) 是非、この機会にGETください！！ ※確認したいことや不明な点につきましては必ず事前の質問をお願いいたします。 ＜送料＞ 東北 1200円 関東 信越 九州 1060円 北陸 東海 950円 近畿 中国 四国 950円 北海道 沖縄 1680円 CLICK！！ Copyright(C)2000-2020/Media Net Com.ALL Rights Reserved , やや傷や汚れあり ,https://auctions.c.yimg.jp/images.auctions.yahoo.co.jp/image/dr000/auc0112/users/08daa3e1ece856f8ad21d5623a0866ee21ca36cf/i-img900x1200-1607268848xur7iv36784.jpg,https://auctions.c.yimg.jp/images.auctions.yahoo.co.jp/image/dr000/auc0112/users/08daa3e1ece856f8ad21d5623a0866ee21ca36cf/i-img900x1200-1607268848beliwt937595.jpg,https://auctions.c.yimg.jp/images.auctions.yahoo.co.jp/image/dr000/auc0112/users/08daa3e1ece856f8ad21d5623a0866ee21ca36cf/i-img1200x900-1607268848ieaslo891378.jpg,https://auctions.c.yimg.jp/images.auctions.yahoo.co.jp/image/dr000/auc0112/users/08daa3e1ece856f8ad21d5623a0866ee21ca36cf/i-img900x1200-1607268847kmyj2525165.jpg,https://auctions.c.yimg.jp/images.auctions.yahoo.co.jp/image/dr000/auc0112/users/08daa3e1ece856f8ad21d5623a0866ee21ca36cf/i-img900x1200-1607268826gwztrf958557.jpg,https://auctions.c.yimg.jp/images.auctions.yahoo.co.jp/image/dr000/auc0112/users/08daa3e1ece856f8ad21d5623a0866ee21ca36cf/i-img1200x900-1607268825zxiy0k36784.jpg,https://auctions.c.yimg.jp/images.auctions.yahoo.co.jp/image/dr000/auc0112/users/08daa3e1ece856f8ad21d5623a0866ee21ca36cf/i-img900x1200-1607268848fbaeg1937590.jpg," 12,800","26,900",38400.0,0,38400.0,26900.0,0.7,0.7,38400.0,38400.0,41085.0,26900.0,14185.0,25,1000,0.5~0.8kg,1685,0,4108.5,1602.3,161657.0,23417.9,-147472.0,-27.9,46784.0,-141773.0,62006.5,46784.0,36600.5
15,OBJT リバース インセンス ホルダー お香立て シルバー ゴールド 香り 香木 シールムリン フレグランス ダルトンbiotopアクタス,https://page.auctions.yahoo.co.jp/jp/auction/x748243075,x748243075, OBJT リバース インセンス ホルダー お香立て シルバー ゴールド 香り 香木 シールム...,incense burner,73466.0,4abb-8d39-3c1ef2e4012a-x748243075-202012-0714-3440," 日本取扱店(Hunt Tokyo)の1店舗のみ上品なお香たてです。プレゼントにも最適Dimension (サイズ) :6 x H27 (cm)色 : シルバーカラー部屋ごとに使い分けてご使用してもGOOD""OBJT""は2017年にソウルで韓国人デザイナーのLee geon minが立ち上げたブランドです。素材と型枠の純粋な側面に焦点を当て、彼は機能的なオブジェクトを作成するためにブランドのコアテーマを決めました。彼は実際の生活の中でうまく機能すること、実用的であることの両方の交差点を見つけることを目的として物作りをしたいと思っています。そして最も純粋な素材、加工および成形性は可能な限り損なわれない。状態は新品です。クンバ お香 biotop インセンス リラクゼーション ロンハーマン アクタス actus アクメ ファニチャー ジャーナル スタンダード acmeお香立て 香り アロマstussy ビオトープ アダムエロペ ニコアンドHERBOSENSE エステバン ESTEBAN サティヤSATYA ヘムHEM リスンlisn アダムエロペ マカフィーalexia stam ZARA HOME yogaヨガ IKEAイケア ドゥーズィエムクラス ron hermanインテリア デザイン デザイナー イラストレーター フラグメント リラックス stayhome テレワーク リモートワーク ヨガ エモダ ユナイテッドアローズ ビームス フリークスストア トゥモローランド リステア サロン 美容室 美容 ヘアーカット ルシェルブルーaclent fifth TRUNC 88 ASRV enasoluna farfetch TODAYFULアングリッド searoomlynn dultonダルトンidea studiosヨガyoga 在宅 ステイホーム 自粛 生活 暮らし カーハート ミラーナイン カッシーナ 家具 禅 zen アクタス IDEE aclentアクレント 新築 マンション 寝室 キッチン 建築 家 マイホーム kummba slowhouse Lightningライトニング西海岸 ヴィンテージ カリフォルニア パロサントpalo santo ", 未使用 ,https://auctions.c.yimg.jp/images.auctions.yahoo.co.jp/image/dr000/auc0108/users/757356a8d2174a8fd4fedafb53ce7ea71f9aff6b/i-img1080x1080-1598797976d0tyji3395554.jpg,https://auctions.c.yimg.jp/images.auctions.yahoo.co.jp/image/dr000/auc0108/users/757356a8d2174a8fd4fedafb53ce7ea71f9aff6b/i-img1080x1080-1598797976lwlazo3395554.jpg,https://auctions.c.yimg.jp/images.auctions.yahoo.co.jp/image/dr000/auc0108/users/757356a8d2174a8fd4fedafb53ce7ea71f9aff6b/i-img1080x1080-1598797976ffgwfv3395554.jpg,https://auctions.c.yimg.jp/images.auctions.yahoo.co.jp/image/dr000/auc0108/users/757356a8d2174a8fd4fedafb53ce7ea71f9aff6b/i-img1200x1178-1598797976zzeuvb3395554.jpg,https://auctions.c.yimg.jp/images.auctions.yahoo.co.jp/image/dr000/auc0108/users/757356a8d2174a8fd4fedafb53ce7ea71f9aff6b/i-img1200x1146-1598797976lebolh3395554.jpg,https://auctions.c.yimg.jp/images.auctions.yahoo.co.jp/image/dr000/auc0108/users/757356a8d2174a8fd4fedafb53ce7ea71f9aff6b/i-img675x1200-1598797976roke1n3395554.jpg,https://auctions.c.yimg.jp/images.auctions.yahoo.co.jp/image/dr000/auc0108/users/757356a8d2174a8fd4fedafb53ce7ea71f9aff6b/i-img675x1200-1598797976pzrzhu3395554.jpg,," 9,400",14100.0,0,14100.0,9400.0,0.7,0.7,14100.0,14100.0,16785.0,9400.0,7385.0,25,1000,0.5~0.8kg,1685,0,1678.5,654.6,161657.0,8570.6,-154272.0,-10.9,18142.4,-152914.6,24045.6,18142.4,14193.3
16,年末大特価◆ 全宗派 j1271-1-3 仏飯器 立/香炉/火立/茶湯器/仏器 仏具セット『ゆい花』陶器製 国産・美濃焼 1389,https://page.auctions.yahoo.co.jp/jp/auction/v766010351,v766010351, 年末大特価◆ 全宗派 j1271-1-3 仏飯器 立/香炉/火立/茶湯器/仏器 仏具セット『...,incense burner,73466.0,4861-a358-a26feda5776d-v766010351-202012-0714-3440, 商品詳細 補足 ： 全宗派 国産・美濃焼 モダン仏具セット『ゆい花』陶器製 色：藤 丸香炉 5点セット…花立/香炉/火立/茶湯器/仏器 仏飯器 j1271-1-3 1389**************************************迅速発送を心がけています！数量限定のためお探しの方はぜひ！**************************************◆商品詳細 ：0**************************************◆□支払詳細Yahoo!かんたん決済□発送詳細～以下ご理解の上、ご入札ください。～・送料は一律5500円です。※新型ウイルスの影響により、発送・配送の遅延が予測されます。予めご了承ください。・落札後、品物を確実にお届けする為、お名前のローマ字表記をお知らせください。・商品は当店が管理しております海外倉庫より、日本へ輸送します。ご入金確認後、輸送手配をいたします。海外発送となりますので、お時間がかかります。発送完了まで7日前後かかる場合もございます。・できるだけ安い金額で出品させていただいておりますので、商品によってはお手元到着まで発送後1か月前後かかる場合があります。余裕を持ってご購入をお願い致します。・発送追跡は問題が発生した時のためにこちら側で管理しており、通常ご連絡しておりませんのでご了承ください。・ヤフオクの仕様上、yahooより未着報告の案内が送られますが、本取引はあらかじめ30日前後の納期となっておりますので、未着報告はしないよう、お願い致します。なお、未着報告をしてしまうと、お客様の支払いが強制的にキャンセルになります。発送の手配が完了している場合、商品がご到着後、再度お支払いの方お願い致します。・また、長期ご不在の場合は、郵便局での保管期間を過ぎますとこちらに送り返されますので、その場合は、送料をご請求させて頂くことになります。お客様のご理解、何卒宜しくお願い致します。・配送時に別途、関税や通関手数料等がかかることがあります。その場合はお手数ですが落札者様にてお支払い頂くようお願いします。□注意事項※新型ウイルスの影響により、発送・配送の遅延が予測されます。予めご了承ください。・こちらの商品は海外製の新品です。・撮影時の照明やPC環境によって実際の商品と色が違う場合があります。・輸入品で日本語の説明がない場合があり、サポートもございませんので商品知識のある方のみご入札下さい。・落札後はノークレーム・ノーリターンでお願い致します。・落札後、品物を確実にお届けする為、お名前のローマ字表記をお知らせください。・送料は一律5500円です。・海外からの発送になります。商品によってはお届けまで1ヶ月前後かかる場合があります。予めご承知おきください。・誤入札など、落札者様都合によるキャンセルはお受けできません。・落札後48時間以内に連絡ないし、7日以内に入金が確認できない場合は、落札者都合のキャンセルとなります。・新規の方、評価の悪い方は入札をキャンセルさせていただくことがあります。・海外製品のため、外箱に輸送時の擦れが若干ある場合がございます。・ご使用の端末によって、画面上の写真とのイメージと異なることがあります。ご了承ください。・落札後は、ノークレーム・ノーリターンでお願いします。初期不良のみ確認の上、対応いたします。 受取後3日以内のご連絡分まで受付をいたします。不良品の場合は、お客様より商品の写真や動画をご提供いただく場合がございます。・発送連絡から60日以内にお手元に届かない場合は、返金いたします。・配送時に別途、関税や通関手数料等がかかることがあります。その場合はお手数ですが落札者様にてお支払い頂くようお願いします。・ヤフオクの仕様上、yahooより未着報告の案内が送られますが、本取引はあらかじめ30日前後の納期となっておりますので、未着報告はしないよう、お願い致します。なお、未着報告をしてしまうと、お客様の支払いが強制的にキャンセルになります。発送の手配が完了している場合、商品がご到着後、再度お支払いの方お願い致します。+ + + この商品説明は オークションプレートメーカー２ で作成しました + + +No.202.001.001 , 未使用に近い ,https://auctions.c.yimg.jp/images.auctions.yahoo.co.jp/image/dr000/auc0112/users/2e120f5fd255c63ec942f83a3db367ea988884ea/i-img515x515-16072585832zvvvn24695.jpg,https://auctions.c.yimg.jp/images.auctions.yahoo.co.jp/image/dr000/auc0112/users/2e120f5fd255c63ec942f83a3db367ea988884ea/i-img515x515-1607258583mc7hby22150.jpg,https://auctions.c.yimg.jp/images.auctions.yahoo.co.jp/image/dr000/auc0112/users/2e120f5fd255c63ec942f83a3db367ea988884ea/i-img515x515-160725858353drmy931502.jpg,https://auctions.c.yimg.jp/images.auctions.yahoo.co.jp/image/dr000/auc0112/users/2e120f5fd255c63ec942f83a3db367ea988884ea/i-img515x515-1607258583tuxzbb733871.jpg,https://auctions.c.yimg.jp/images.auctions.yahoo.co.jp/image/dr000/auc0112/users/2e120f5fd255c63ec942f83a3db367ea988884ea/i-img515x515-16072585851ougw9784853.jpg,https://auctions.c.yimg.jp/images.auctions.yahoo.co.jp/image/dr000/auc0112/users/2e120f5fd255c63ec942f83a3db367ea988884ea/i-img515x515-1607258586mkbdis931515.jpg,https://auctions.c.yimg.jp/images.auctions.yahoo.co.jp/image/dr000/auc0112/users/2e120f5fd255c63ec942f83a3db367ea988884ea/i-img515x515-1607258586hfobx5738413.jpg,," 8,200",12300.0,0,12300.0,8200.0,0.7,0.7,12300.0,12300.0,14985.0,8200.0,6785.0,25,1000,0.5~0.8kg,1685,0,1498.5,584.4,161657.0,7470.8,-154872.0,-9.7,16178.4,-153678.6,21442.5,16178.4,12656.9
17,○伊万里　角福香炉,https://page.auctions.yahoo.co.jp/jp/auction/h514289775,h514289775, ○伊万里　角福香炉,incense burner,73466.0,4c7c-99f8-4165cae7be03-h514289775-202012-0714-3440, ☆商品説明☆ サイズ 高さ １３ｃｍ・直径９．５ｃｍ。見事な手描きの 角福 の香炉です。裏面に印あり。状態よく実用可能。飾っていただいても素敵な一品ですのでお好きな方是非。 〇入札前に必ずお読みください〇 ※最近悪質な入札が多いので、新規や悪い評価がある方はご遠慮下さい。宜しくお願い致します。納得がいかない点がある場合はトラブルの元となり ますので入札お控え下さい。落札後の質 問・キャンセルはお受けできません。 基本的にはノークレーム・ノーリターンでお願い致します。返品・交換について落札者様都合による返品・交換は対応できませんことご了承下さいませ。入札後のキャンセル不可です。納得がいかない場合、トラブルの原因にもなりますので、入札はお控えください。神経質な方は、写真をよく確認した上でご入札をご検討願います。落札手数料不要です。発送方法⇒ 基本的に、ゆうパック 送料着払いでお願いします入金先⇒ かんたん決済質問等お気軽にどうぞ, 目立った傷や汚れなし ,https://auctions.c.yimg.jp/images.auctions.yahoo.co.jp/image/dr000/auc0110/users/262e6e8f00f85505f547b329a49e9ea20c2026c3/i-img1200x675-1603964819borkr0363791.jpg,https://auctions.c.yimg.jp/images.auctions.yahoo.co.jp/image/dr000/auc0110/users/262e6e8f00f85505f547b329a49e9ea20c2026c3/i-img1200x675-1603964825zlgbh120623.jpg,https://auctions.c.yimg.jp/images.auctions.yahoo.co.jp/image/dr000/auc0110/users/262e6e8f00f85505f547b329a49e9ea20c2026c3/i-img1200x675-1603964815oitsv0477220.jpg,https://auctions.c.yimg.jp/images.auctions.yahoo.co.jp/image/dr000/auc0110/users/262e6e8f00f85505f547b329a49e9ea20c2026c3/i-img1200x675-1603964809mcs0ux20779.jpg,https://auctions.c.yimg.jp/images.auctions.yahoo.co.jp/image/dr000/auc0110/users/262e6e8f00f85505f547b329a49e9ea20c2026c3/i-img1200x675-16039648321rxbpg363785.jpg,https://auctions.c.yimg.jp/images.auctions.yahoo.co.jp/image/dr000/auc0110/users/262e6e8f00f85505f547b329a49e9ea20c2026c3/i-img1200x675-160396483736dcos437924.jpg,,," 5,000",7500.0,0,7500.0,5000.0,0.7,0.7,7500.0,7500.0,10185.0,5000.0,5185.0,25,1000,0.5~0.8kg,1685,0,1018.5,397.2,161657.0,4538.0,-156472.0,-6.5,10941.1,-155715.9,14501.1,10941.1,8559.5
18,天然香木　沈香《眞那賀》②お香　香炉　香木　塗香　聞香　茶道具　,https://page.auctions.yahoo.co.jp/jp/auction/b520775860,b520775860, 天然香木　沈香《眞那賀》②お香　香炉　香木　塗香　聞香　茶道具　,incense burner,73466.0,44fd-ac38-5e065969831e-b520775860-202012-0714-3440, 商品説明寺院回収品！眞那賀とても古い香木です、とても良い香りのする文句なしの一品です。小さいですが沈水します！注意事項・すべての出品物は骨董品、中古品ですので、説明しきれない時代物としてのスレ、小傷、変色、等ございます。そういった経年の欠点を気になさる方、神経質な方は入札をされない方が良いかと思います。そういう時代感等をご理解していただける方からの入札お待ちしております。また新規の方、極端に悪い評価が多い方のご入札は取り消しさせていただくことがございますので、お求めの際は質問欄より一言頂けると幸いです。・特殊機材による撮影、計測等は行っていませんので、写真による色の誤差や実寸の誤差が生じる場合もございます。・基本的には売り切りですが希望価格に達しない場合取り消しする事がございます。ご了承の上、御入札の程よろしくお願いいたします。・原則ご落札後、一週間以内にご入金出来る方のみご入札お願いします。分かる範囲内でお答え致しますのでご不明点等ございましたらお気軽にご質問ください。落札された場合誠心誠意ご対応させて頂きます , 未使用に近い ,https://auctions.c.yimg.jp/images.auctions.yahoo.co.jp/image/dr000/auc0112/users/3f4c0ae4df1cc808047e2cf17d89df4da50b8fc2/i-img1200x1200-1607173499nc7voq886822.jpg,https://auctions.c.yimg.jp/images.auctions.yahoo.co.jp/image/dr000/auc0112/users/3f4c0ae4df1cc808047e2cf17d89df4da50b8fc2/i-img1200x1200-1607173499b8807h886822.jpg,https://auctions.c.yimg.jp/images.auctions.yahoo.co.jp/image/dr000/auc0112/users/3f4c0ae4df1cc808047e2cf17d89df4da50b8fc2/i-img1200x1200-1607173499n81or9886822.jpg,https://auctions.c.yimg.jp/images.auctions.yahoo.co.jp/image/dr000/auc0112/users/3f4c0ae4df1cc808047e2cf17d89df4da50b8fc2/i-img1200x1200-1607173499xxknb1886822.jpg,,,," 3,000","50,000",9000.0,0,50000.0,9000.0,0.7,0.7,9000.0,50000.0,52685.0,9000.0,43685.0,25,1000,0.5~0.8kg,1685,0,5268.5,2054.7,161657.0,30505.5,-117972.0,-44.7,17487.7,-153169.3,23177.9,17487.7,13681.2
19,中国美術 唐物 翡翠 龍唐草細密彫刻遊環玉香炉 古美術品 b154,https://page.auctions.yahoo.co.jp/jp/auction/n469059517,n469059517, 中国美術 唐物 翡翠 龍唐草細密彫刻遊環玉香炉 古美術品 b154,incense burner,73466.0,4023-8b55-14848d3ba196-n469059517-202012-0714-3440," 中国美術 唐物 翡翠 龍唐草細密彫刻遊環玉香炉 古美術品 b154商品説明サイズ （台含まない）22×12.3×29cm 1278ｇご入札は慎重にお願い致します。題名の()の中は検索用などもありますのでご理解下さい。鑑定を受けたもの、本物保証できるものにつきましては明記しております。それ以外については未鑑定品、道具の真贋保証はございませんので、自己責任において入札にご参加下さい。タイトル・商品説明欄に「保証」と記載されたもので、個人的見解を除き公的に認められた所定鑑定人及び機関の鑑定により贋作と判明した場合は、落札代金、送料とも全額ご返金致します。その際の返金は落札金額と送料のみで鑑定料及びそれに伴う経費は負担出来かねます。時代・作家名・状態・材質等は主観に基づき確定するものではありません。古物中心の出品の為、全て漏らさず情報を掲載することは困難です。よって画像や説明文以外にも汚れスレなど経年損傷あることを前提の入札とし、与えられた画像と説明より入札者の見識による総合的な価値判断に基づいて入札されたものであると判断致します。その為、万が一掲載画像と説明文の情報の遺漏、誤記があった場合においても入札後及び商品受取後にその点を事由とした入札の取消、返品はお受けできません。予めご了承ください。わかる範囲での質問にはお答えしますので、ご不明な点等御座いましたら事前にご質問ください。質問回答・落札連絡が遅れる場合があります。出来る限り迅速に対応出来る様心掛けておりますごのでご了承お願い致します。注意事項商品の状態の感じ方には個人差がございます。ご入札後の落札者都合によるキャンセルや返品は固くお断りしております。事前に写真等よくご確認のうえご入札ください。返品不可（お客様の主観による理由での返品はお受けしかねます。）イタズラと思われる入札、評価の悪い方からのご入札は、独自の判断で入札取り消しの処置を取らせていただく場合が御座います。掲載の配送方法以外はご対応致しかねます。予めご容赦ください。※配達業者の指定・定形外発送・メール便には対応できません。170サイズ以上は佐川急便にて発送させて頂きます。同梱ご希望の場合は落札後ご連絡お願いいたします。商品によってはお断りする場合もございます。送付方法ゆうパック支払方法Yahoo!かんたん決済（詳細）その他恐れ入りますが、落札後は『48時間以内』にお客様情報の入力をお願いいたします。以下の流れでご対応ください。【1】情報入力画面にてお客様情報を入力してください。【2】お客様情報入力後に自動配信されるメールで合計金額を確認し、『7日以内』にご指定の支払い方法でご入金手続きをお願いします。→Yahoo!かんたん決済では送料が自動反映されない場合がございますので、入力漏れにご注意ください。落札後のキャンセル・返品は原則承っておりません。ご了承いただける方のみ、ご入札をお願いいたします。どうしてもキャンセルや返品希望の場合返品の際にかかる送料はお客様負担となります。商品到着後、1週間以上日にちが経過した場合はいかなる場合でも返品・返金はお受けできませんのでご了承下さい。 ■ ゆうパック ■ 100サイズ 発送元:兵庫県 兵庫県 1,280円 北海道 2,000円 青森県 秋田県 岩手県 宮城県 山形県 福島県 1,560円 茨城県 栃木県 群馬県 埼玉県 千葉県 神奈川県 東京都 山梨県 1,440円 新潟県 長野県 1,440円 富山県 石川県 福井県 1,330円 静岡県 愛知県 三重県 岐阜県 1,330円 大阪府 京都府 滋賀県 奈良県 和歌山県 1,330円 岡山県 広島県 山口県 鳥取県 島根県 1,330円 香川県 德島県 愛媛県 高知県 1,330円 福岡県 佐賀県 長崎県 熊本県 大分県 宮崎県 鹿児島県 1,440円 沖縄県 1,900円 ※この料金表は、2019年10月1日発送分から適用されます。 この商品説明は オークション落札相場サイト「オークファン」出品テンプレート で作成されています。Powered by aucfan.com ", やや傷や汚れあり ,,,,,,,,," 30,000",45000.0,0,45000.0,30000.0,0.7,0.7,45000.0,45000.0,47685.0,30000.0,17685.0,25,1000,0.5~0.8kg,1685,0,4768.5,1859.7,161657.0,27450.5,-143972.0,-33.1,51857.6,-139799.4,68731.0,51857.6,40569.8
20,★田村星都作★細字源氏物語和歌杵型香炉★共箱★真作保証★32,https://page.auctions.yahoo.co.jp/jp/auction/p802463470,p802463470, ★田村星都作★細字源氏物語和歌杵型香炉★共箱★真作保証★32,incense burner,73466.0,43b6-964c-bb34f4e02597-p802463470-202012-0714-3440," 田村星都氏の作品です。九谷焼の伝統技法、毛筆細字の「三代・田村敬星先生」に師事。●共箱●共布●陶歴有り （写真１＆２＆３が今回お売りする商品全てとなります。）■2014年「田村星都作陶展」（日本橋三越）にて、本体価格150,000円で購入。■商品は未使用、美品です、ヒビ、カケ、スレ等ございません。（画像ご参照ください。）撮影時のライティング等により色調の誤差が出ます事はご了承お願いします。【サイズ】高さ115mm 直計72mm (素人採寸につき若干の寸法誤差はご了承下さい。）お取り引につきましては、原則ノークレーム、ノーリターンでお願いいたします。落札後、５日以内にご連絡を頂けない場合、また一週間以内にご入金の確認が出来ない場合は、落札の取り消しをさせて頂きます。何卒宜しく御検討の上、ご入札下さい。不明な事が御座いましたら質問にて分かる範囲でご返答致します。他にもいろいろ出品しておりますので、どうぞご覧になって下さい。 ", 目立った傷や汚れなし ,https://auctions.c.yimg.jp/images.auctions.yahoo.co.jp/image/dr000/auc0110/users/917d774826e4a04a96babfaf61dd4989a898a980/i-img900x1200-1602372173dh4ucz332.jpg,https://auctions.c.yimg.jp/images.auctions.yahoo.co.jp/image/dr000/auc0110/users/917d774826e4a04a96babfaf61dd4989a898a980/i-img900x1200-1602372174nrvmyl332.jpg,https://auctions.c.yimg.jp/images.auctions.yahoo.co.jp/image/dr000/auc0110/users/917d774826e4a04a96babfaf61dd4989a898a980/i-img900x1200-1602372174get1j8332.jpg,https://auctions.c.yimg.jp/images.auctions.yahoo.co.jp/image/dr000/auc0110/users/917d774826e4a04a96babfaf61dd4989a898a980/i-img900x1200-1602372174jpacgw332.jpg,https://auctions.c.yimg.jp/images.auctions.yahoo.co.jp/image/dr000/auc0110/users/917d774826e4a04a96babfaf61dd4989a898a980/i-img900x1200-1602372175kusnil332.jpg,https://auctions.c.yimg.jp/images.auctions.yahoo.co.jp/image/dr000/auc0110/users/917d774826e4a04a96babfaf61dd4989a898a980/i-img900x1200-1602372175wjqyra332.jpg,https://auctions.c.yimg.jp/images.auctions.yahoo.co.jp/image/dr000/auc0110/users/917d774826e4a04a96babfaf61dd4989a898a980/i-img900x1200-1602372176ilgboq332.jpg," 31,000","40,000",93000.0,0,93000.0,40000.0,0.7,0.7,93000.0,93000.0,95685.0,40000.0,55685.0,25,1000,0.5~0.8kg,1685,0,9568.5,3731.7,161657.0,56778.5,-105972.0,-90.3,68224.2,-133432.8,90423.0,68224.2,53373.9
