,0,1
0,"g476321684
",https://auctions.c.yimg.jp/images.auctions.yahoo.co.jp/image/dr000/auc0112/users/11ba0ebcf5604472c8e7ef224a4f98e8aa966421/i-img600x450-1607262533vngqs5737747.jpg
1,"g476321684
",https://auctions.c.yimg.jp/images.auctions.yahoo.co.jp/image/dr000/auc0112/users/11ba0ebcf5604472c8e7ef224a4f98e8aa966421/i-img600x372-1607262533gd2kt920592.jpg
2,"g476321684
",https://auctions.c.yimg.jp/images.auctions.yahoo.co.jp/image/dr000/auc0112/users/11ba0ebcf5604472c8e7ef224a4f98e8aa966421/i-img600x411-1607262533mxp7wq887987.jpg
3,"g476321684
",https://auctions.c.yimg.jp/images.auctions.yahoo.co.jp/image/dr000/auc0112/users/11ba0ebcf5604472c8e7ef224a4f98e8aa966421/i-img600x588-1607262533jqgset938896.jpg
4,"g476321684
",https://auctions.c.yimg.jp/images.auctions.yahoo.co.jp/image/dr000/auc0112/users/11ba0ebcf5604472c8e7ef224a4f98e8aa966421/i-img600x600-1607262533vyf1be34298.jpg
5,"g476321684
",https://auctions.c.yimg.jp/images.auctions.yahoo.co.jp/image/dr000/auc0112/users/11ba0ebcf5604472c8e7ef224a4f98e8aa966421/i-img600x600-1607262533cf2vbp22030.jpg
6,"g476321684
",https://auctions.c.yimg.jp/images.auctions.yahoo.co.jp/image/dr000/auc0112/users/11ba0ebcf5604472c8e7ef224a4f98e8aa966421/i-img600x450-1607262533brxasm786527.jpg
7,"g476321684
",https://auctions.c.yimg.jp/images.auctions.yahoo.co.jp/image/dr000/auc0112/users/11ba0ebcf5604472c8e7ef224a4f98e8aa966421/i-img600x450-1607262533heubc8938891.jpg
8,"g476321684
",https://auctions.c.yimg.jp/images.auctions.yahoo.co.jp/image/dr000/auc0112/users/11ba0ebcf5604472c8e7ef224a4f98e8aa966421/i-img600x450-1607262533jyjtnr20859.jpg
9,"n474712929
",https://auctions.c.yimg.jp/images.auctions.yahoo.co.jp/image/dr000/auc0112/users/5/2/4/5/sadougu_ichiba-img1110x1200-1607582217vjdqel6114.jpg
10,"n474712929
",https://auctions.c.yimg.jp/images.auctions.yahoo.co.jp/image/dr000/auc0112/users/5/2/4/5/sadougu_ichiba-img1023x1200-1607582217aoojsd6114.jpg
11,"n474712929
",https://auctions.c.yimg.jp/images.auctions.yahoo.co.jp/image/dr000/auc0112/users/5/2/4/5/sadougu_ichiba-img1200x1016-1607582217xo9hqf6114.jpg
12,"n474712929
",https://auctions.c.yimg.jp/images.auctions.yahoo.co.jp/image/dr000/auc0112/users/5/2/4/5/sadougu_ichiba-img1082x1200-1607582217ey3nay6114.jpg
13,"n474712929
",https://auctions.c.yimg.jp/images.auctions.yahoo.co.jp/image/dr000/auc0112/users/5/2/4/5/sadougu_ichiba-img1200x1050-1607582217bmwl6q6114.jpg
14,"n474712929
",https://auctions.c.yimg.jp/images.auctions.yahoo.co.jp/image/dr000/auc0112/users/5/2/4/5/sadougu_ichiba-img1200x888-1607582217pzgwzk6114.jpg
15,"n474712929
",https://auctions.c.yimg.jp/images.auctions.yahoo.co.jp/image/dr000/auc0112/users/5/2/4/5/sadougu_ichiba-img1200x1000-1607582217utzdwi6114.jpg
16,"n474712929
",https://auctions.c.yimg.jp/images.auctions.yahoo.co.jp/image/dr000/auc0112/users/5/2/4/5/sadougu_ichiba-img1101x1200-1607582217jgcvak6114.jpg
17,"n474712929
",https://auctions.c.yimg.jp/images.auctions.yahoo.co.jp/image/dr000/auc0112/users/5/2/4/5/sadougu_ichiba-img1200x789-1607582217lw35dq6114.jpg
18,"n474712929
",https://auctions.c.yimg.jp/images.auctions.yahoo.co.jp/image/dr000/auc0112/users/5/2/4/5/sadougu_ichiba-img950x1200-1607582217qasifj6114.jpg
19,"n480664986
",https://auctions.c.yimg.jp/images.auctions.yahoo.co.jp/image/dr000/auc0112/users/cd3f8d265ad83fdec64b10a7716069514b06ea02/i-img1200x900-1607936195kepxh228024.jpg
20,"n480664986
",https://auctions.c.yimg.jp/images.auctions.yahoo.co.jp/image/dr000/auc0112/users/cd3f8d265ad83fdec64b10a7716069514b06ea02/i-img1200x900-1607936195nljbr41097592.jpg
21,"n480664986
",https://auctions.c.yimg.jp/images.auctions.yahoo.co.jp/image/dr000/auc0112/users/cd3f8d265ad83fdec64b10a7716069514b06ea02/i-img1200x900-1607936195lh4jid1063132.jpg
22,"n480664986
",https://auctions.c.yimg.jp/images.auctions.yahoo.co.jp/image/dr000/auc0112/users/cd3f8d265ad83fdec64b10a7716069514b06ea02/i-img1200x900-16079361955ttrtl20748.jpg
23,"n480664986
",https://auctions.c.yimg.jp/images.auctions.yahoo.co.jp/image/dr000/auc0112/users/cd3f8d265ad83fdec64b10a7716069514b06ea02/i-img1200x900-1607936195rmwgci1384440.jpg
24,"n480664986
",https://auctions.c.yimg.jp/images.auctions.yahoo.co.jp/image/dr000/auc0112/users/cd3f8d265ad83fdec64b10a7716069514b06ea02/i-img1200x900-1607936196ewh6pg1344093.jpg
25,"n480664986
",https://auctions.c.yimg.jp/images.auctions.yahoo.co.jp/image/dr000/auc0112/users/cd3f8d265ad83fdec64b10a7716069514b06ea02/i-img1200x900-1607936196upm95r21132.jpg
26,"n480664986
",https://auctions.c.yimg.jp/images.auctions.yahoo.co.jp/image/dr000/auc0112/users/cd3f8d265ad83fdec64b10a7716069514b06ea02/i-img1200x900-1607936196m4pvx51366623.jpg
27,"n480664986
",https://auctions.c.yimg.jp/images.auctions.yahoo.co.jp/image/dr000/auc0112/users/cd3f8d265ad83fdec64b10a7716069514b06ea02/i-img1200x900-1607936197h3m7zj1366642.jpg
28,"n480664986
",https://auctions.c.yimg.jp/images.auctions.yahoo.co.jp/image/dr000/auc0112/users/cd3f8d265ad83fdec64b10a7716069514b06ea02/i-img1200x900-1607936197o4fj0w26997.jpg
29,"g477604810
",https://auctions.c.yimg.jp/images.auctions.yahoo.co.jp/image/dr000/auc0112/users/9cbf64caf59f89d474b62c0b672c7497b414ceba/i-img1200x1200-1607778609iloipl2418.jpg
30,"g477604810
",https://auctions.c.yimg.jp/images.auctions.yahoo.co.jp/image/dr000/auc0112/users/9cbf64caf59f89d474b62c0b672c7497b414ceba/i-img1200x1200-1607778609apwjtf2418.jpg
31,"g477604810
",https://auctions.c.yimg.jp/images.auctions.yahoo.co.jp/image/dr000/auc0112/users/9cbf64caf59f89d474b62c0b672c7497b414ceba/i-img1200x1200-1607778609q40syj2418.jpg
32,"g477604810
",https://auctions.c.yimg.jp/images.auctions.yahoo.co.jp/image/dr000/auc0112/users/9cbf64caf59f89d474b62c0b672c7497b414ceba/i-img1200x1200-1607778609u9evgd2418.jpg
33,"g477604810
",https://auctions.c.yimg.jp/images.auctions.yahoo.co.jp/image/dr000/auc0112/users/9cbf64caf59f89d474b62c0b672c7497b414ceba/i-img1200x1200-1607778609qt6toh2418.jpg
34,"g477604810
",https://auctions.c.yimg.jp/images.auctions.yahoo.co.jp/image/dr000/auc0112/users/9cbf64caf59f89d474b62c0b672c7497b414ceba/i-img1200x1200-1607778609ir2myb2418.jpg
35,"g477604810
",https://auctions.c.yimg.jp/images.auctions.yahoo.co.jp/image/dr000/auc0112/users/9cbf64caf59f89d474b62c0b672c7497b414ceba/i-img1200x1200-16077786098bfy8f2418.jpg
36,"g477604810
",https://auctions.c.yimg.jp/images.auctions.yahoo.co.jp/image/dr000/auc0112/users/9cbf64caf59f89d474b62c0b672c7497b414ceba/i-img1200x1200-1607778609knf8ia2418.jpg
37,"g477604810
",https://auctions.c.yimg.jp/images.auctions.yahoo.co.jp/image/dr000/auc0112/users/9cbf64caf59f89d474b62c0b672c7497b414ceba/i-img1200x1200-1607778609cw9tte2418.jpg
38,"g477604810
",https://auctions.c.yimg.jp/images.auctions.yahoo.co.jp/image/dr000/auc0112/users/9cbf64caf59f89d474b62c0b672c7497b414ceba/i-img1200x1200-16077786096awdf82418.jpg
39,"g477486910
",https://auctions.c.yimg.jp/images.auctions.yahoo.co.jp/image/dr000/auc0112/users/95965962cfbe5297617cee30f3bce11b5c41e268/i-img675x1200-1607737322u0m6bx954997.jpg
40,"g477486910
",https://auctions.c.yimg.jp/images.auctions.yahoo.co.jp/image/dr000/auc0112/users/95965962cfbe5297617cee30f3bce11b5c41e268/i-img675x1200-1607737333cmixlt1235241.jpg
41,"g477486910
",https://auctions.c.yimg.jp/images.auctions.yahoo.co.jp/image/dr000/auc0112/users/95965962cfbe5297617cee30f3bce11b5c41e268/i-img675x1200-1607737343s2udfs1240045.jpg
42,"g477486910
",https://auctions.c.yimg.jp/images.auctions.yahoo.co.jp/image/dr000/auc0112/users/95965962cfbe5297617cee30f3bce11b5c41e268/i-img675x1200-1607737354lrpg2i2778.jpg
43,"g477486910
",https://auctions.c.yimg.jp/images.auctions.yahoo.co.jp/image/dr000/auc0112/users/95965962cfbe5297617cee30f3bce11b5c41e268/i-img675x1200-1607737370fcr9fu3261.jpg
44,"g477486910
",https://auctions.c.yimg.jp/images.auctions.yahoo.co.jp/image/dr000/auc0112/users/95965962cfbe5297617cee30f3bce11b5c41e268/i-img1200x675-1607737384fpcicr1256458.jpg
45,"g477486910
",https://auctions.c.yimg.jp/images.auctions.yahoo.co.jp/image/dr000/auc0112/users/95965962cfbe5297617cee30f3bce11b5c41e268/i-img1200x675-1607737410ewghur1240091.jpg
46,"g477486910
",https://auctions.c.yimg.jp/images.auctions.yahoo.co.jp/image/dr000/auc0112/users/95965962cfbe5297617cee30f3bce11b5c41e268/i-img1200x675-1607737441ix5cev1235330.jpg
47,"l644202722
",https://auctions.c.yimg.jp/images.auctions.yahoo.co.jp/image/dr000/auc0112/users/3f4c0ae4df1cc808047e2cf17d89df4da50b8fc2/i-img1200x1200-16078642147ulwi51295287.jpg
48,"l644202722
",https://auctions.c.yimg.jp/images.auctions.yahoo.co.jp/image/dr000/auc0112/users/3f4c0ae4df1cc808047e2cf17d89df4da50b8fc2/i-img1200x1200-1607864214wdavim1295287.jpg
49,"l644202722
",https://auctions.c.yimg.jp/images.auctions.yahoo.co.jp/image/dr000/auc0112/users/3f4c0ae4df1cc808047e2cf17d89df4da50b8fc2/i-img1200x1200-1607864214vtaxss1295287.jpg
50,"l644202722
",https://auctions.c.yimg.jp/images.auctions.yahoo.co.jp/image/dr000/auc0112/users/3f4c0ae4df1cc808047e2cf17d89df4da50b8fc2/i-img1200x1200-1607864214ysrts91295287.jpg
51,"l644202722
",https://auctions.c.yimg.jp/images.auctions.yahoo.co.jp/image/dr000/auc0112/users/3f4c0ae4df1cc808047e2cf17d89df4da50b8fc2/i-img1200x1200-1607864214ni8e3p1295287.jpg
52,"p818833604
",https://auctions.c.yimg.jp/images.auctions.yahoo.co.jp/image/dr000/auc0112/users/95379501ea7fa059b3f0753cbce309d8d8c7070d/i-img900x675-16079324571prlaw1060973.jpg
53,"p818833604
",https://auctions.c.yimg.jp/images.auctions.yahoo.co.jp/image/dr000/auc0112/users/95379501ea7fa059b3f0753cbce309d8d8c7070d/i-img900x1199-1607932457osllqf1060973.jpg
54,"p818833604
",https://auctions.c.yimg.jp/images.auctions.yahoo.co.jp/image/dr000/auc0112/users/95379501ea7fa059b3f0753cbce309d8d8c7070d/i-img900x675-1607932457e3czgo1060973.jpg
55,"p818833604
",https://auctions.c.yimg.jp/images.auctions.yahoo.co.jp/image/dr000/auc0112/users/95379501ea7fa059b3f0753cbce309d8d8c7070d/i-img900x1200-1607932457acqr7w1060973.jpg
56,"p818833604
",https://auctions.c.yimg.jp/images.auctions.yahoo.co.jp/image/dr000/auc0112/users/95379501ea7fa059b3f0753cbce309d8d8c7070d/i-img900x1200-1607932457ubdjy51060973.jpg
57,"p818833604
",https://auctions.c.yimg.jp/images.auctions.yahoo.co.jp/image/dr000/auc0112/users/95379501ea7fa059b3f0753cbce309d8d8c7070d/i-img900x675-1607932457pzqjpe1060973.jpg
58,"p818833604
",https://auctions.c.yimg.jp/images.auctions.yahoo.co.jp/image/dr000/auc0112/users/95379501ea7fa059b3f0753cbce309d8d8c7070d/i-img900x675-1607932457jpkbhn1060973.jpg
59,"p818833604
",https://auctions.c.yimg.jp/images.auctions.yahoo.co.jp/image/dr000/auc0112/users/95379501ea7fa059b3f0753cbce309d8d8c7070d/i-img900x1200-1607932457wttpyw1060973.jpg
60,"p818833604
",https://auctions.c.yimg.jp/images.auctions.yahoo.co.jp/image/dr000/auc0112/users/95379501ea7fa059b3f0753cbce309d8d8c7070d/i-img900x675-1607932457l357qf1060973.jpg
61,"v748619319
",https://auctions.c.yimg.jp/images.auctions.yahoo.co.jp/image/dr000/auc0112/users/c083bea5961c12e746a33c77d54282769ef19c95/i-img1200x675-1607858469us3v6m1331307.jpg
62,"v748619319
",https://auctions.c.yimg.jp/images.auctions.yahoo.co.jp/image/dr000/auc0112/users/c083bea5961c12e746a33c77d54282769ef19c95/i-img1200x675-1607858469pliluz1331307.jpg
63,"v748619319
",https://auctions.c.yimg.jp/images.auctions.yahoo.co.jp/image/dr000/auc0112/users/c083bea5961c12e746a33c77d54282769ef19c95/i-img675x1200-1607858469wdyrim1331307.jpg
64,"v748619319
",https://auctions.c.yimg.jp/images.auctions.yahoo.co.jp/image/dr000/auc0112/users/c083bea5961c12e746a33c77d54282769ef19c95/i-img1200x675-1607858469fmqrwz1331307.jpg
65,"v748619319
",https://auctions.c.yimg.jp/images.auctions.yahoo.co.jp/image/dr000/auc0112/users/c083bea5961c12e746a33c77d54282769ef19c95/i-img1200x675-1607858469ekatkc1331307.jpg
66,"v748619319
",https://auctions.c.yimg.jp/images.auctions.yahoo.co.jp/image/dr000/auc0112/users/c083bea5961c12e746a33c77d54282769ef19c95/i-img1200x675-1607858469xzcg8o1331307.jpg
67,"v748619319
",https://auctions.c.yimg.jp/images.auctions.yahoo.co.jp/image/dr000/auc0112/users/c083bea5961c12e746a33c77d54282769ef19c95/i-img1200x675-1607858469salvwb1331307.jpg
68,"v748619319
",https://auctions.c.yimg.jp/images.auctions.yahoo.co.jp/image/dr000/auc0112/users/c083bea5961c12e746a33c77d54282769ef19c95/i-img1200x675-16078584699wz3ko1331307.jpg
69,"v748619319
",https://auctions.c.yimg.jp/images.auctions.yahoo.co.jp/image/dr000/auc0112/users/c083bea5961c12e746a33c77d54282769ef19c95/i-img1200x675-1607858469mcgdz11331307.jpg
70,"v748619319
",https://auctions.c.yimg.jp/images.auctions.yahoo.co.jp/image/dr000/auc0112/users/c083bea5961c12e746a33c77d54282769ef19c95/i-img1200x675-1607858469t3dzne1331307.jpg
71,"j699916124
",https://auctions.c.yimg.jp/images.auctions.yahoo.co.jp/image/dr000/auc0112/users/1cd4d3c61f2514749a81ef6b35daa9d1307dd657/i-img810x1080-1607934524wmmeoq1045349.jpg
72,"j699916124
",https://auctions.c.yimg.jp/images.auctions.yahoo.co.jp/image/dr000/auc0112/users/1cd4d3c61f2514749a81ef6b35daa9d1307dd657/i-img1080x810-1607934524fxqnqs1045349.jpg
73,"j699916124
",https://auctions.c.yimg.jp/images.auctions.yahoo.co.jp/image/dr000/auc0112/users/1cd4d3c61f2514749a81ef6b35daa9d1307dd657/i-img1080x810-1607934524qlg02t1045349.jpg
74,"j699916124
",https://auctions.c.yimg.jp/images.auctions.yahoo.co.jp/image/dr000/auc0112/users/1cd4d3c61f2514749a81ef6b35daa9d1307dd657/i-img1080x810-1607934524olvffv1045349.jpg
75,"j699916124
",https://auctions.c.yimg.jp/images.auctions.yahoo.co.jp/image/dr000/auc0112/users/1cd4d3c61f2514749a81ef6b35daa9d1307dd657/i-img1080x810-1607934525j7sbhx1045349.jpg
76,"j699916124
",https://auctions.c.yimg.jp/images.auctions.yahoo.co.jp/image/dr000/auc0112/users/1cd4d3c61f2514749a81ef6b35daa9d1307dd657/i-img810x1080-160793452530guty1045349.jpg
77,"v769668464
",https://auctions.c.yimg.jp/images.auctions.yahoo.co.jp/image/dr000/auc0112/users/f3e5f182c23d7719f3375d300ab94152217b2d0d/i-img1200x900-16076663224gcgrs79124.jpg
78,"v769668464
",https://auctions.c.yimg.jp/images.auctions.yahoo.co.jp/image/dr000/auc0112/users/f3e5f182c23d7719f3375d300ab94152217b2d0d/i-img1200x900-1607666322djd8ha1221210.jpg
79,"v769668464
",https://auctions.c.yimg.jp/images.auctions.yahoo.co.jp/image/dr000/auc0112/users/f3e5f182c23d7719f3375d300ab94152217b2d0d/i-img1200x900-1607666322opbr5f79114.jpg
80,"v769668464
",https://auctions.c.yimg.jp/images.auctions.yahoo.co.jp/image/dr000/auc0112/users/f3e5f182c23d7719f3375d300ab94152217b2d0d/i-img1200x900-1607666322tbk0jq1204610.jpg
81,"v769668464
",https://auctions.c.yimg.jp/images.auctions.yahoo.co.jp/image/dr000/auc0112/users/f3e5f182c23d7719f3375d300ab94152217b2d0d/i-img1200x900-1607666322fqvljm932456.jpg
82,"v769668464
",https://auctions.c.yimg.jp/images.auctions.yahoo.co.jp/image/dr000/auc0112/users/f3e5f182c23d7719f3375d300ab94152217b2d0d/i-img1200x900-1607666322odjgii927789.jpg
83,"v769668464
",https://auctions.c.yimg.jp/images.auctions.yahoo.co.jp/image/dr000/auc0112/users/f3e5f182c23d7719f3375d300ab94152217b2d0d/i-img1200x900-1607666322rqe9gd10549.jpg
84,"v769668464
",https://auctions.c.yimg.jp/images.auctions.yahoo.co.jp/image/dr000/auc0112/users/f3e5f182c23d7719f3375d300ab94152217b2d0d/i-img1200x900-1607666322sq4i5c16683.jpg
85,"v769668464
",https://auctions.c.yimg.jp/images.auctions.yahoo.co.jp/image/dr000/auc0112/users/f3e5f182c23d7719f3375d300ab94152217b2d0d/i-img1200x900-1607666322qqvkm11123591.jpg
86,"v769668464
",https://auctions.c.yimg.jp/images.auctions.yahoo.co.jp/image/dr000/auc0112/users/f3e5f182c23d7719f3375d300ab94152217b2d0d/i-img1200x900-1607666322ljfiny1204629.jpg
87,"k518743915
",https://auctions.c.yimg.jp/images.auctions.yahoo.co.jp/image/dr000/auc0112/users/3f4c0ae4df1cc808047e2cf17d89df4da50b8fc2/i-img1200x1200-1607788033aihdsw28081.jpg
88,"k518743915
",https://auctions.c.yimg.jp/images.auctions.yahoo.co.jp/image/dr000/auc0112/users/3f4c0ae4df1cc808047e2cf17d89df4da50b8fc2/i-img1200x1200-1607788033l9vkyu28081.jpg
89,"k518743915
",https://auctions.c.yimg.jp/images.auctions.yahoo.co.jp/image/dr000/auc0112/users/3f4c0ae4df1cc808047e2cf17d89df4da50b8fc2/i-img1200x1200-1607788033syltfs28081.jpg
90,"k518743915
",https://auctions.c.yimg.jp/images.auctions.yahoo.co.jp/image/dr000/auc0112/users/3f4c0ae4df1cc808047e2cf17d89df4da50b8fc2/i-img1200x1200-1607788033ncxhmq28081.jpg
91,"l641685756
",https://auctions.c.yimg.jp/images.auctions.yahoo.co.jp/image/dr000/auc0512/users/0db42f9fa0f3384aeb3c75092e80ef2fcad1aa6b/i-img161x166-1576265860arlaik198109.jpg
92,"l641685756
",https://auctions.c.yimg.jp/images.auctions.yahoo.co.jp/image/dr000/auc0512/users/0db42f9fa0f3384aeb3c75092e80ef2fcad1aa6b/i-img800x1200-15762658601bhd3h198109.jpg
93,"l641685756
",https://auctions.c.yimg.jp/images.auctions.yahoo.co.jp/image/dr000/auc0512/users/0db42f9fa0f3384aeb3c75092e80ef2fcad1aa6b/i-img1200x800-1576265860mmayop198109.jpg
94,"l641685756
",https://auctions.c.yimg.jp/images.auctions.yahoo.co.jp/image/dr000/auc0512/users/0db42f9fa0f3384aeb3c75092e80ef2fcad1aa6b/i-img1200x800-1576265860jngekm198109.jpg
95,"l641685756
",https://auctions.c.yimg.jp/images.auctions.yahoo.co.jp/image/dr000/auc0512/users/0db42f9fa0f3384aeb3c75092e80ef2fcad1aa6b/i-img1200x800-1576265860sm665t198109.jpg
96,"l641685756
",https://auctions.c.yimg.jp/images.auctions.yahoo.co.jp/image/dr000/auc0512/users/0db42f9fa0f3384aeb3c75092e80ef2fcad1aa6b/i-img1200x800-1576265860dnz8rr198109.jpg
97,"w440102046
",https://auctions.c.yimg.jp/images.auctions.yahoo.co.jp/image/dr000/auc0112/users/df55f56442d11e5b59123c94866985bb4bcd8def/i-img600x450-1607907543jwdemp180.jpg
98,"o445464351
",https://auctions.c.yimg.jp/images.auctions.yahoo.co.jp/image/dr000/auc0112/users/1cd4d3c61f2514749a81ef6b35daa9d1307dd657/i-img812x1080-1607941193f4ysbd1126815.jpg
99,"o445464351
",https://auctions.c.yimg.jp/images.auctions.yahoo.co.jp/image/dr000/auc0112/users/1cd4d3c61f2514749a81ef6b35daa9d1307dd657/i-img826x1080-1607941193d8o5ci1126815.jpg
100,"o445464351
",https://auctions.c.yimg.jp/images.auctions.yahoo.co.jp/image/dr000/auc0112/users/1cd4d3c61f2514749a81ef6b35daa9d1307dd657/i-img994x1080-1607941193d21cex1126815.jpg
101,"o445464351
",https://auctions.c.yimg.jp/images.auctions.yahoo.co.jp/image/dr000/auc0112/users/1cd4d3c61f2514749a81ef6b35daa9d1307dd657/i-img1080x899-1607941193tfgxfc1126815.jpg
102,"o445464351
",https://auctions.c.yimg.jp/images.auctions.yahoo.co.jp/image/dr000/auc0112/users/1cd4d3c61f2514749a81ef6b35daa9d1307dd657/i-img1080x952-1607941193l0rmgh1126815.jpg
103,"o445464351
",https://auctions.c.yimg.jp/images.auctions.yahoo.co.jp/image/dr000/auc0112/users/1cd4d3c61f2514749a81ef6b35daa9d1307dd657/i-img1080x680-1607941193huaeiw1126815.jpg
104,"o445464351
",https://auctions.c.yimg.jp/images.auctions.yahoo.co.jp/image/dr000/auc0112/users/1cd4d3c61f2514749a81ef6b35daa9d1307dd657/i-img1020x1080-1607941193bnwhjb1126815.jpg
105,"o445464351
",https://auctions.c.yimg.jp/images.auctions.yahoo.co.jp/image/dr000/auc0112/users/1cd4d3c61f2514749a81ef6b35daa9d1307dd657/i-img1080x960-1607941193pwn5kg1126815.jpg
106,"k519099079
",https://auctions.c.yimg.jp/images.auctions.yahoo.co.jp/image/dr000/auc0112/users/e94455548201738d88d785c6292ce488779b980d/i-img1200x1200-1607923102vpkxwu1264447.jpg
107,"k519099079
",https://auctions.c.yimg.jp/images.auctions.yahoo.co.jp/image/dr000/auc0112/users/e94455548201738d88d785c6292ce488779b980d/i-img1200x1200-1607923102aaer411264447.jpg
108,"k519099079
",https://auctions.c.yimg.jp/images.auctions.yahoo.co.jp/image/dr000/auc0112/users/e94455548201738d88d785c6292ce488779b980d/i-img1200x1200-1607923102hdi4b91264447.jpg
109,"k519099079
",https://auctions.c.yimg.jp/images.auctions.yahoo.co.jp/image/dr000/auc0112/users/e94455548201738d88d785c6292ce488779b980d/i-img1200x1200-1607923102m0pl9g1264447.jpg
110,"k519099079
",https://auctions.c.yimg.jp/images.auctions.yahoo.co.jp/image/dr000/auc0112/users/e94455548201738d88d785c6292ce488779b980d/i-img1200x1200-1607923102njnfho1264447.jpg
111,"k519099079
",https://auctions.c.yimg.jp/images.auctions.yahoo.co.jp/image/dr000/auc0112/users/e94455548201738d88d785c6292ce488779b980d/i-img1200x1200-16079231024c1vfw1264447.jpg
112,"520324097
",https://auctions.c.yimg.jp/images.auctions.yahoo.co.jp/image/dr000/auc0112/users/3f4c0ae4df1cc808047e2cf17d89df4da50b8fc2/i-img1200x1200-1607864178xdafeg1087005.jpg
113,"520324097
",https://auctions.c.yimg.jp/images.auctions.yahoo.co.jp/image/dr000/auc0112/users/3f4c0ae4df1cc808047e2cf17d89df4da50b8fc2/i-img1200x1200-1607864178xbinma1087005.jpg
114,"520324097
",https://auctions.c.yimg.jp/images.auctions.yahoo.co.jp/image/dr000/auc0112/users/3f4c0ae4df1cc808047e2cf17d89df4da50b8fc2/i-img1200x1200-1607864178hpad431087005.jpg
115,"520324097
",https://auctions.c.yimg.jp/images.auctions.yahoo.co.jp/image/dr000/auc0112/users/3f4c0ae4df1cc808047e2cf17d89df4da50b8fc2/i-img1200x1200-1607864178bq59lx1087005.jpg
116,"520324097
",https://auctions.c.yimg.jp/images.auctions.yahoo.co.jp/image/dr000/auc0112/users/3f4c0ae4df1cc808047e2cf17d89df4da50b8fc2/i-img1200x1200-16078641785fh4tr1087005.jpg
117,"g477762572
",https://auctions.c.yimg.jp/images.auctions.yahoo.co.jp/image/dr000/auc0112/users/1cd4d3c61f2514749a81ef6b35daa9d1307dd657/i-img641x719-160776891633hfri1046326.jpg
118,"g477762572
",https://auctions.c.yimg.jp/images.auctions.yahoo.co.jp/image/dr000/auc0112/users/1cd4d3c61f2514749a81ef6b35daa9d1307dd657/i-img630x630-16077689168cr9zq1046326.jpg
119,"g477762572
",https://auctions.c.yimg.jp/images.auctions.yahoo.co.jp/image/dr000/auc0112/users/1cd4d3c61f2514749a81ef6b35daa9d1307dd657/i-img720x720-1607768916pmukiy1046326.jpg
120,"g477762572
",https://auctions.c.yimg.jp/images.auctions.yahoo.co.jp/image/dr000/auc0112/users/1cd4d3c61f2514749a81ef6b35daa9d1307dd657/i-img661x661-1607768916oelj1f1046326.jpg
121,"g477762572
",https://auctions.c.yimg.jp/images.auctions.yahoo.co.jp/image/dr000/auc0112/users/1cd4d3c61f2514749a81ef6b35daa9d1307dd657/i-img720x720-1607768916dxqrjn1046326.jpg
122,"g477762572
",https://auctions.c.yimg.jp/images.auctions.yahoo.co.jp/image/dr000/auc0112/users/1cd4d3c61f2514749a81ef6b35daa9d1307dd657/i-img720x720-1607768916woawsv1046326.jpg
123,"x750400711
",https://auctions.c.yimg.jp/images.auctions.yahoo.co.jp/image/dr000/auc0112/users/3f4c0ae4df1cc808047e2cf17d89df4da50b8fc2/i-img1200x1200-1607864228sxyd301015767.jpg
124,"x750400711
",https://auctions.c.yimg.jp/images.auctions.yahoo.co.jp/image/dr000/auc0112/users/3f4c0ae4df1cc808047e2cf17d89df4da50b8fc2/i-img1200x1200-1607864228jvqpyl1015767.jpg
125,"x750400711
",https://auctions.c.yimg.jp/images.auctions.yahoo.co.jp/image/dr000/auc0112/users/3f4c0ae4df1cc808047e2cf17d89df4da50b8fc2/i-img1200x1200-1607864228avov3f1015767.jpg
126,"x750400711
",https://auctions.c.yimg.jp/images.auctions.yahoo.co.jp/image/dr000/auc0112/users/3f4c0ae4df1cc808047e2cf17d89df4da50b8fc2/i-img1200x1200-16078642287ddgy01015767.jpg
