,画像1,画像2,画像3,画像4,画像5,画像6,画像7
0,https://auctions.c.yimg.jp/images.auctions.yahoo.co.jp/image/dr000/auc0112/users/11ba0ebcf5604472c8e7ef224a4f98e8aa966421/i-img600x372-1607262533gd2kt920592.jpg,https://auctions.c.yimg.jp/images.auctions.yahoo.co.jp/image/dr000/auc0112/users/11ba0ebcf5604472c8e7ef224a4f98e8aa966421/i-img600x411-1607262533mxp7wq887987.jpg,https://auctions.c.yimg.jp/images.auctions.yahoo.co.jp/image/dr000/auc0112/users/11ba0ebcf5604472c8e7ef224a4f98e8aa966421/i-img600x588-1607262533jqgset938896.jpg,https://auctions.c.yimg.jp/images.auctions.yahoo.co.jp/image/dr000/auc0112/users/11ba0ebcf5604472c8e7ef224a4f98e8aa966421/i-img600x600-1607262533vyf1be34298.jpg,https://auctions.c.yimg.jp/images.auctions.yahoo.co.jp/image/dr000/auc0112/users/11ba0ebcf5604472c8e7ef224a4f98e8aa966421/i-img600x600-1607262533cf2vbp22030.jpg,https://auctions.c.yimg.jp/images.auctions.yahoo.co.jp/image/dr000/auc0112/users/11ba0ebcf5604472c8e7ef224a4f98e8aa966421/i-img600x450-1607262533brxasm786527.jpg,https://auctions.c.yimg.jp/images.auctions.yahoo.co.jp/image/dr000/auc0112/users/11ba0ebcf5604472c8e7ef224a4f98e8aa966421/i-img600x450-1607262533heubc8938891.jpg
1,https://auctions.c.yimg.jp/images.auctions.yahoo.co.jp/image/dr000/auc0112/users/5/2/4/5/sadougu_ichiba-img1023x1200-1607582217aoojsd6114.jpg,https://auctions.c.yimg.jp/images.auctions.yahoo.co.jp/image/dr000/auc0112/users/5/2/4/5/sadougu_ichiba-img1200x1016-1607582217xo9hqf6114.jpg,https://auctions.c.yimg.jp/images.auctions.yahoo.co.jp/image/dr000/auc0112/users/5/2/4/5/sadougu_ichiba-img1082x1200-1607582217ey3nay6114.jpg,https://auctions.c.yimg.jp/images.auctions.yahoo.co.jp/image/dr000/auc0112/users/5/2/4/5/sadougu_ichiba-img1200x1050-1607582217bmwl6q6114.jpg,https://auctions.c.yimg.jp/images.auctions.yahoo.co.jp/image/dr000/auc0112/users/5/2/4/5/sadougu_ichiba-img1200x888-1607582217pzgwzk6114.jpg,https://auctions.c.yimg.jp/images.auctions.yahoo.co.jp/image/dr000/auc0112/users/5/2/4/5/sadougu_ichiba-img1200x1000-1607582217utzdwi6114.jpg,https://auctions.c.yimg.jp/images.auctions.yahoo.co.jp/image/dr000/auc0112/users/5/2/4/5/sadougu_ichiba-img1101x1200-1607582217jgcvak6114.jpg
2,https://auctions.c.yimg.jp/images.auctions.yahoo.co.jp/image/dr000/auc0112/users/cd3f8d265ad83fdec64b10a7716069514b06ea02/i-img1200x900-1607936195nljbr41097592.jpg,https://auctions.c.yimg.jp/images.auctions.yahoo.co.jp/image/dr000/auc0112/users/cd3f8d265ad83fdec64b10a7716069514b06ea02/i-img1200x900-1607936195lh4jid1063132.jpg,https://auctions.c.yimg.jp/images.auctions.yahoo.co.jp/image/dr000/auc0112/users/cd3f8d265ad83fdec64b10a7716069514b06ea02/i-img1200x900-16079361955ttrtl20748.jpg,https://auctions.c.yimg.jp/images.auctions.yahoo.co.jp/image/dr000/auc0112/users/cd3f8d265ad83fdec64b10a7716069514b06ea02/i-img1200x900-1607936195rmwgci1384440.jpg,https://auctions.c.yimg.jp/images.auctions.yahoo.co.jp/image/dr000/auc0112/users/cd3f8d265ad83fdec64b10a7716069514b06ea02/i-img1200x900-1607936196ewh6pg1344093.jpg,https://auctions.c.yimg.jp/images.auctions.yahoo.co.jp/image/dr000/auc0112/users/cd3f8d265ad83fdec64b10a7716069514b06ea02/i-img1200x900-1607936196upm95r21132.jpg,https://auctions.c.yimg.jp/images.auctions.yahoo.co.jp/image/dr000/auc0112/users/cd3f8d265ad83fdec64b10a7716069514b06ea02/i-img1200x900-1607936196m4pvx51366623.jpg
3,https://auctions.c.yimg.jp/images.auctions.yahoo.co.jp/image/dr000/auc0112/users/9cbf64caf59f89d474b62c0b672c7497b414ceba/i-img1200x1200-1607778609apwjtf2418.jpg,https://auctions.c.yimg.jp/images.auctions.yahoo.co.jp/image/dr000/auc0112/users/9cbf64caf59f89d474b62c0b672c7497b414ceba/i-img1200x1200-1607778609q40syj2418.jpg,https://auctions.c.yimg.jp/images.auctions.yahoo.co.jp/image/dr000/auc0112/users/9cbf64caf59f89d474b62c0b672c7497b414ceba/i-img1200x1200-1607778609u9evgd2418.jpg,https://auctions.c.yimg.jp/images.auctions.yahoo.co.jp/image/dr000/auc0112/users/9cbf64caf59f89d474b62c0b672c7497b414ceba/i-img1200x1200-1607778609qt6toh2418.jpg,https://auctions.c.yimg.jp/images.auctions.yahoo.co.jp/image/dr000/auc0112/users/9cbf64caf59f89d474b62c0b672c7497b414ceba/i-img1200x1200-1607778609ir2myb2418.jpg,https://auctions.c.yimg.jp/images.auctions.yahoo.co.jp/image/dr000/auc0112/users/9cbf64caf59f89d474b62c0b672c7497b414ceba/i-img1200x1200-16077786098bfy8f2418.jpg,https://auctions.c.yimg.jp/images.auctions.yahoo.co.jp/image/dr000/auc0112/users/9cbf64caf59f89d474b62c0b672c7497b414ceba/i-img1200x1200-1607778609knf8ia2418.jpg
4,https://auctions.c.yimg.jp/images.auctions.yahoo.co.jp/image/dr000/auc0112/users/95965962cfbe5297617cee30f3bce11b5c41e268/i-img675x1200-1607737333cmixlt1235241.jpg,https://auctions.c.yimg.jp/images.auctions.yahoo.co.jp/image/dr000/auc0112/users/95965962cfbe5297617cee30f3bce11b5c41e268/i-img675x1200-1607737343s2udfs1240045.jpg,https://auctions.c.yimg.jp/images.auctions.yahoo.co.jp/image/dr000/auc0112/users/95965962cfbe5297617cee30f3bce11b5c41e268/i-img675x1200-1607737354lrpg2i2778.jpg,https://auctions.c.yimg.jp/images.auctions.yahoo.co.jp/image/dr000/auc0112/users/95965962cfbe5297617cee30f3bce11b5c41e268/i-img675x1200-1607737370fcr9fu3261.jpg,https://auctions.c.yimg.jp/images.auctions.yahoo.co.jp/image/dr000/auc0112/users/95965962cfbe5297617cee30f3bce11b5c41e268/i-img1200x675-1607737384fpcicr1256458.jpg,https://auctions.c.yimg.jp/images.auctions.yahoo.co.jp/image/dr000/auc0112/users/95965962cfbe5297617cee30f3bce11b5c41e268/i-img1200x675-1607737410ewghur1240091.jpg,https://auctions.c.yimg.jp/images.auctions.yahoo.co.jp/image/dr000/auc0112/users/95965962cfbe5297617cee30f3bce11b5c41e268/i-img1200x675-1607737441ix5cev1235330.jpg
5,https://auctions.c.yimg.jp/images.auctions.yahoo.co.jp/image/dr000/auc0112/users/3f4c0ae4df1cc808047e2cf17d89df4da50b8fc2/i-img1200x1200-1607864214wdavim1295287.jpg,https://auctions.c.yimg.jp/images.auctions.yahoo.co.jp/image/dr000/auc0112/users/3f4c0ae4df1cc808047e2cf17d89df4da50b8fc2/i-img1200x1200-1607864214vtaxss1295287.jpg,https://auctions.c.yimg.jp/images.auctions.yahoo.co.jp/image/dr000/auc0112/users/3f4c0ae4df1cc808047e2cf17d89df4da50b8fc2/i-img1200x1200-1607864214ysrts91295287.jpg,https://auctions.c.yimg.jp/images.auctions.yahoo.co.jp/image/dr000/auc0112/users/3f4c0ae4df1cc808047e2cf17d89df4da50b8fc2/i-img1200x1200-1607864214ni8e3p1295287.jpg,,,
6,https://auctions.c.yimg.jp/images.auctions.yahoo.co.jp/image/dr000/auc0112/users/95379501ea7fa059b3f0753cbce309d8d8c7070d/i-img900x1199-1607932457osllqf1060973.jpg,https://auctions.c.yimg.jp/images.auctions.yahoo.co.jp/image/dr000/auc0112/users/95379501ea7fa059b3f0753cbce309d8d8c7070d/i-img900x675-1607932457e3czgo1060973.jpg,https://auctions.c.yimg.jp/images.auctions.yahoo.co.jp/image/dr000/auc0112/users/95379501ea7fa059b3f0753cbce309d8d8c7070d/i-img900x1200-1607932457acqr7w1060973.jpg,https://auctions.c.yimg.jp/images.auctions.yahoo.co.jp/image/dr000/auc0112/users/95379501ea7fa059b3f0753cbce309d8d8c7070d/i-img900x1200-1607932457ubdjy51060973.jpg,https://auctions.c.yimg.jp/images.auctions.yahoo.co.jp/image/dr000/auc0112/users/95379501ea7fa059b3f0753cbce309d8d8c7070d/i-img900x675-1607932457pzqjpe1060973.jpg,https://auctions.c.yimg.jp/images.auctions.yahoo.co.jp/image/dr000/auc0112/users/95379501ea7fa059b3f0753cbce309d8d8c7070d/i-img900x675-1607932457jpkbhn1060973.jpg,https://auctions.c.yimg.jp/images.auctions.yahoo.co.jp/image/dr000/auc0112/users/95379501ea7fa059b3f0753cbce309d8d8c7070d/i-img900x1200-1607932457wttpyw1060973.jpg
7,https://auctions.c.yimg.jp/images.auctions.yahoo.co.jp/image/dr000/auc0112/users/c083bea5961c12e746a33c77d54282769ef19c95/i-img1200x675-1607858469pliluz1331307.jpg,https://auctions.c.yimg.jp/images.auctions.yahoo.co.jp/image/dr000/auc0112/users/c083bea5961c12e746a33c77d54282769ef19c95/i-img675x1200-1607858469wdyrim1331307.jpg,https://auctions.c.yimg.jp/images.auctions.yahoo.co.jp/image/dr000/auc0112/users/c083bea5961c12e746a33c77d54282769ef19c95/i-img1200x675-1607858469fmqrwz1331307.jpg,https://auctions.c.yimg.jp/images.auctions.yahoo.co.jp/image/dr000/auc0112/users/c083bea5961c12e746a33c77d54282769ef19c95/i-img1200x675-1607858469ekatkc1331307.jpg,https://auctions.c.yimg.jp/images.auctions.yahoo.co.jp/image/dr000/auc0112/users/c083bea5961c12e746a33c77d54282769ef19c95/i-img1200x675-1607858469xzcg8o1331307.jpg,https://auctions.c.yimg.jp/images.auctions.yahoo.co.jp/image/dr000/auc0112/users/c083bea5961c12e746a33c77d54282769ef19c95/i-img1200x675-1607858469salvwb1331307.jpg,https://auctions.c.yimg.jp/images.auctions.yahoo.co.jp/image/dr000/auc0112/users/c083bea5961c12e746a33c77d54282769ef19c95/i-img1200x675-16078584699wz3ko1331307.jpg
8,https://auctions.c.yimg.jp/images.auctions.yahoo.co.jp/image/dr000/auc0112/users/1cd4d3c61f2514749a81ef6b35daa9d1307dd657/i-img1080x810-1607934524fxqnqs1045349.jpg,https://auctions.c.yimg.jp/images.auctions.yahoo.co.jp/image/dr000/auc0112/users/1cd4d3c61f2514749a81ef6b35daa9d1307dd657/i-img1080x810-1607934524qlg02t1045349.jpg,https://auctions.c.yimg.jp/images.auctions.yahoo.co.jp/image/dr000/auc0112/users/1cd4d3c61f2514749a81ef6b35daa9d1307dd657/i-img1080x810-1607934524olvffv1045349.jpg,https://auctions.c.yimg.jp/images.auctions.yahoo.co.jp/image/dr000/auc0112/users/1cd4d3c61f2514749a81ef6b35daa9d1307dd657/i-img1080x810-1607934525j7sbhx1045349.jpg,https://auctions.c.yimg.jp/images.auctions.yahoo.co.jp/image/dr000/auc0112/users/1cd4d3c61f2514749a81ef6b35daa9d1307dd657/i-img810x1080-160793452530guty1045349.jpg,,
9,https://auctions.c.yimg.jp/images.auctions.yahoo.co.jp/image/dr000/auc0112/users/f3e5f182c23d7719f3375d300ab94152217b2d0d/i-img1200x900-1607666322djd8ha1221210.jpg,https://auctions.c.yimg.jp/images.auctions.yahoo.co.jp/image/dr000/auc0112/users/f3e5f182c23d7719f3375d300ab94152217b2d0d/i-img1200x900-1607666322opbr5f79114.jpg,https://auctions.c.yimg.jp/images.auctions.yahoo.co.jp/image/dr000/auc0112/users/f3e5f182c23d7719f3375d300ab94152217b2d0d/i-img1200x900-1607666322tbk0jq1204610.jpg,https://auctions.c.yimg.jp/images.auctions.yahoo.co.jp/image/dr000/auc0112/users/f3e5f182c23d7719f3375d300ab94152217b2d0d/i-img1200x900-1607666322fqvljm932456.jpg,https://auctions.c.yimg.jp/images.auctions.yahoo.co.jp/image/dr000/auc0112/users/f3e5f182c23d7719f3375d300ab94152217b2d0d/i-img1200x900-1607666322odjgii927789.jpg,https://auctions.c.yimg.jp/images.auctions.yahoo.co.jp/image/dr000/auc0112/users/f3e5f182c23d7719f3375d300ab94152217b2d0d/i-img1200x900-1607666322rqe9gd10549.jpg,https://auctions.c.yimg.jp/images.auctions.yahoo.co.jp/image/dr000/auc0112/users/f3e5f182c23d7719f3375d300ab94152217b2d0d/i-img1200x900-1607666322sq4i5c16683.jpg
10,https://auctions.c.yimg.jp/images.auctions.yahoo.co.jp/image/dr000/auc0112/users/3f4c0ae4df1cc808047e2cf17d89df4da50b8fc2/i-img1200x1200-1607788033l9vkyu28081.jpg,https://auctions.c.yimg.jp/images.auctions.yahoo.co.jp/image/dr000/auc0112/users/3f4c0ae4df1cc808047e2cf17d89df4da50b8fc2/i-img1200x1200-1607788033syltfs28081.jpg,https://auctions.c.yimg.jp/images.auctions.yahoo.co.jp/image/dr000/auc0112/users/3f4c0ae4df1cc808047e2cf17d89df4da50b8fc2/i-img1200x1200-1607788033ncxhmq28081.jpg,,,,
11,https://auctions.c.yimg.jp/images.auctions.yahoo.co.jp/image/dr000/auc0512/users/0db42f9fa0f3384aeb3c75092e80ef2fcad1aa6b/i-img800x1200-15762658601bhd3h198109.jpg,https://auctions.c.yimg.jp/images.auctions.yahoo.co.jp/image/dr000/auc0512/users/0db42f9fa0f3384aeb3c75092e80ef2fcad1aa6b/i-img1200x800-1576265860mmayop198109.jpg,https://auctions.c.yimg.jp/images.auctions.yahoo.co.jp/image/dr000/auc0512/users/0db42f9fa0f3384aeb3c75092e80ef2fcad1aa6b/i-img1200x800-1576265860jngekm198109.jpg,https://auctions.c.yimg.jp/images.auctions.yahoo.co.jp/image/dr000/auc0512/users/0db42f9fa0f3384aeb3c75092e80ef2fcad1aa6b/i-img1200x800-1576265860sm665t198109.jpg,https://auctions.c.yimg.jp/images.auctions.yahoo.co.jp/image/dr000/auc0512/users/0db42f9fa0f3384aeb3c75092e80ef2fcad1aa6b/i-img1200x800-1576265860dnz8rr198109.jpg,,
12,,,,,,,
13,https://auctions.c.yimg.jp/images.auctions.yahoo.co.jp/image/dr000/auc0112/users/1cd4d3c61f2514749a81ef6b35daa9d1307dd657/i-img826x1080-1607941193d8o5ci1126815.jpg,https://auctions.c.yimg.jp/images.auctions.yahoo.co.jp/image/dr000/auc0112/users/1cd4d3c61f2514749a81ef6b35daa9d1307dd657/i-img994x1080-1607941193d21cex1126815.jpg,https://auctions.c.yimg.jp/images.auctions.yahoo.co.jp/image/dr000/auc0112/users/1cd4d3c61f2514749a81ef6b35daa9d1307dd657/i-img1080x899-1607941193tfgxfc1126815.jpg,https://auctions.c.yimg.jp/images.auctions.yahoo.co.jp/image/dr000/auc0112/users/1cd4d3c61f2514749a81ef6b35daa9d1307dd657/i-img1080x952-1607941193l0rmgh1126815.jpg,https://auctions.c.yimg.jp/images.auctions.yahoo.co.jp/image/dr000/auc0112/users/1cd4d3c61f2514749a81ef6b35daa9d1307dd657/i-img1080x680-1607941193huaeiw1126815.jpg,https://auctions.c.yimg.jp/images.auctions.yahoo.co.jp/image/dr000/auc0112/users/1cd4d3c61f2514749a81ef6b35daa9d1307dd657/i-img1020x1080-1607941193bnwhjb1126815.jpg,https://auctions.c.yimg.jp/images.auctions.yahoo.co.jp/image/dr000/auc0112/users/1cd4d3c61f2514749a81ef6b35daa9d1307dd657/i-img1080x960-1607941193pwn5kg1126815.jpg
14,https://auctions.c.yimg.jp/images.auctions.yahoo.co.jp/image/dr000/auc0112/users/e94455548201738d88d785c6292ce488779b980d/i-img1200x1200-1607923102aaer411264447.jpg,https://auctions.c.yimg.jp/images.auctions.yahoo.co.jp/image/dr000/auc0112/users/e94455548201738d88d785c6292ce488779b980d/i-img1200x1200-1607923102hdi4b91264447.jpg,https://auctions.c.yimg.jp/images.auctions.yahoo.co.jp/image/dr000/auc0112/users/e94455548201738d88d785c6292ce488779b980d/i-img1200x1200-1607923102m0pl9g1264447.jpg,https://auctions.c.yimg.jp/images.auctions.yahoo.co.jp/image/dr000/auc0112/users/e94455548201738d88d785c6292ce488779b980d/i-img1200x1200-1607923102njnfho1264447.jpg,https://auctions.c.yimg.jp/images.auctions.yahoo.co.jp/image/dr000/auc0112/users/e94455548201738d88d785c6292ce488779b980d/i-img1200x1200-16079231024c1vfw1264447.jpg,,
15,https://auctions.c.yimg.jp/images.auctions.yahoo.co.jp/image/dr000/auc0112/users/3f4c0ae4df1cc808047e2cf17d89df4da50b8fc2/i-img1200x1200-1607864178xbinma1087005.jpg,https://auctions.c.yimg.jp/images.auctions.yahoo.co.jp/image/dr000/auc0112/users/3f4c0ae4df1cc808047e2cf17d89df4da50b8fc2/i-img1200x1200-1607864178hpad431087005.jpg,https://auctions.c.yimg.jp/images.auctions.yahoo.co.jp/image/dr000/auc0112/users/3f4c0ae4df1cc808047e2cf17d89df4da50b8fc2/i-img1200x1200-1607864178bq59lx1087005.jpg,https://auctions.c.yimg.jp/images.auctions.yahoo.co.jp/image/dr000/auc0112/users/3f4c0ae4df1cc808047e2cf17d89df4da50b8fc2/i-img1200x1200-16078641785fh4tr1087005.jpg,,,
16,https://auctions.c.yimg.jp/images.auctions.yahoo.co.jp/image/dr000/auc0112/users/1cd4d3c61f2514749a81ef6b35daa9d1307dd657/i-img630x630-16077689168cr9zq1046326.jpg,https://auctions.c.yimg.jp/images.auctions.yahoo.co.jp/image/dr000/auc0112/users/1cd4d3c61f2514749a81ef6b35daa9d1307dd657/i-img720x720-1607768916pmukiy1046326.jpg,https://auctions.c.yimg.jp/images.auctions.yahoo.co.jp/image/dr000/auc0112/users/1cd4d3c61f2514749a81ef6b35daa9d1307dd657/i-img661x661-1607768916oelj1f1046326.jpg,https://auctions.c.yimg.jp/images.auctions.yahoo.co.jp/image/dr000/auc0112/users/1cd4d3c61f2514749a81ef6b35daa9d1307dd657/i-img720x720-1607768916dxqrjn1046326.jpg,https://auctions.c.yimg.jp/images.auctions.yahoo.co.jp/image/dr000/auc0112/users/1cd4d3c61f2514749a81ef6b35daa9d1307dd657/i-img720x720-1607768916woawsv1046326.jpg,,
17,https://auctions.c.yimg.jp/images.auctions.yahoo.co.jp/image/dr000/auc0112/users/3f4c0ae4df1cc808047e2cf17d89df4da50b8fc2/i-img1200x1200-1607864228jvqpyl1015767.jpg,https://auctions.c.yimg.jp/images.auctions.yahoo.co.jp/image/dr000/auc0112/users/3f4c0ae4df1cc808047e2cf17d89df4da50b8fc2/i-img1200x1200-1607864228avov3f1015767.jpg,https://auctions.c.yimg.jp/images.auctions.yahoo.co.jp/image/dr000/auc0112/users/3f4c0ae4df1cc808047e2cf17d89df4da50b8fc2/i-img1200x1200-16078642287ddgy01015767.jpg,,,,
