,画像2,画像3,画像4,画像5,画像6,画像7
0,https://auctions.c.yimg.jp/images.auctions.yahoo.co.jp/image/dr000/auc0110/users/4968b4ee54187bbd16a2efd848295e9d55d583da/i-img898x1198-16027518411djkdn1495476.jpg,https://auctions.c.yimg.jp/images.auctions.yahoo.co.jp/image/dr000/auc0110/users/4968b4ee54187bbd16a2efd848295e9d55d583da/i-img898x1198-1602751841f4uoil1495476.jpg,https://auctions.c.yimg.jp/images.auctions.yahoo.co.jp/image/dr000/auc0110/users/4968b4ee54187bbd16a2efd848295e9d55d583da/i-img898x1198-1602751841tvhkoj1495476.jpg,https://auctions.c.yimg.jp/images.auctions.yahoo.co.jp/image/dr000/auc0110/users/4968b4ee54187bbd16a2efd848295e9d55d583da/i-img898x1198-1602751841ty2ith1495476.jpg,https://auctions.c.yimg.jp/images.auctions.yahoo.co.jp/image/dr000/auc0110/users/4968b4ee54187bbd16a2efd848295e9d55d583da/i-img898x1198-1602751841jqcmzf1495476.jpg,https://auctions.c.yimg.jp/images.auctions.yahoo.co.jp/image/dr000/auc0110/users/4968b4ee54187bbd16a2efd848295e9d55d583da/i-img898x1198-1602751841jsm1ed1495476.jpg
1,https://auctions.c.yimg.jp/images.auctions.yahoo.co.jp/image/dr000/auc0110/users/4e5721b24044ffedda96c50b6a773688297959e3/i-img900x1200-16029251657ddx2468417.jpg,,,,,
2,https://auctions.c.yimg.jp/images.auctions.yahoo.co.jp/image/dr000/auc0110/users/4968b4ee54187bbd16a2efd848295e9d55d583da/i-img898x1198-1602751899c3r4sz1263936.jpg,https://auctions.c.yimg.jp/images.auctions.yahoo.co.jp/image/dr000/auc0110/users/4968b4ee54187bbd16a2efd848295e9d55d583da/i-img898x1198-1602751899jvfh071263936.jpg,https://auctions.c.yimg.jp/images.auctions.yahoo.co.jp/image/dr000/auc0110/users/4968b4ee54187bbd16a2efd848295e9d55d583da/i-img898x1198-1602751899ikby8f1263936.jpg,https://auctions.c.yimg.jp/images.auctions.yahoo.co.jp/image/dr000/auc0110/users/4968b4ee54187bbd16a2efd848295e9d55d583da/i-img898x1198-1602751899vgxrze1263936.jpg,,
3,https://auctions.c.yimg.jp/images.auctions.yahoo.co.jp/image/dr000/auc0108/users/00a11754400ad66fd2d1feac0452dbf6293ba73e/i-img1200x900-1598687392uknlwt3185497.jpg,https://auctions.c.yimg.jp/images.auctions.yahoo.co.jp/image/dr000/auc0108/users/00a11754400ad66fd2d1feac0452dbf6293ba73e/i-img1200x900-1598687392b0c60x3185497.jpg,,,,
4,https://auctions.c.yimg.jp/images.auctions.yahoo.co.jp/image/dr000/auc0109/users/8/4/5/7/horsfieldii_0102-img1200x1163-1600849538f6ex1s23267.jpg,https://auctions.c.yimg.jp/images.auctions.yahoo.co.jp/image/dr000/auc0109/users/8/4/5/7/horsfieldii_0102-img1122x1200-1600849538f2bhzj23267.jpg,https://auctions.c.yimg.jp/images.auctions.yahoo.co.jp/image/dr000/auc0109/users/8/4/5/7/horsfieldii_0102-img900x1200-1600849538sk8tfh23267.jpg,https://auctions.c.yimg.jp/images.auctions.yahoo.co.jp/image/dr000/auc0109/users/8/4/5/7/horsfieldii_0102-img1200x1181-1600849538ch9upn23267.jpg,https://auctions.c.yimg.jp/images.auctions.yahoo.co.jp/image/dr000/auc0109/users/8/4/5/7/horsfieldii_0102-img1200x1176-1600849538l78qhx23267.jpg,https://auctions.c.yimg.jp/images.auctions.yahoo.co.jp/image/dr000/auc0109/users/8/4/5/7/horsfieldii_0102-img900x1200-1600849538q5xbfx23267.jpg
5,,,,,,
6,https://auctions.c.yimg.jp/images.auctions.yahoo.co.jp/image/dr000/auc0110/users/4e5721b24044ffedda96c50b6a773688297959e3/i-img1200x1200-1602923914iifd0x1576402.jpg,,,,,
7,https://auctions.c.yimg.jp/images.auctions.yahoo.co.jp/image/dr000/auc0108/users/00a11754400ad66fd2d1feac0452dbf6293ba73e/i-img1200x900-1598354206ypejkh2709113.jpg,https://auctions.c.yimg.jp/images.auctions.yahoo.co.jp/image/dr000/auc0108/users/00a11754400ad66fd2d1feac0452dbf6293ba73e/i-img1200x900-1598354206i8cp4y2709113.jpg,,,,
8,https://auctions.c.yimg.jp/images.auctions.yahoo.co.jp/image/dr000/auc0108/users/a08b31b69a113e152517554e16b3ed49ed9d0900/i-img900x1200-1598626518va03qp3028153.jpg,https://auctions.c.yimg.jp/images.auctions.yahoo.co.jp/image/dr000/auc0108/users/a08b31b69a113e152517554e16b3ed49ed9d0900/i-img900x1200-1598626520yf2srz2827568.jpg,https://auctions.c.yimg.jp/images.auctions.yahoo.co.jp/image/dr000/auc0108/users/a08b31b69a113e152517554e16b3ed49ed9d0900/i-img900x1200-1598626523dxibzs2691998.jpg,https://auctions.c.yimg.jp/images.auctions.yahoo.co.jp/image/dr000/auc0108/users/a08b31b69a113e152517554e16b3ed49ed9d0900/i-img900x1200-1598626525za3j1e3302129.jpg,https://auctions.c.yimg.jp/images.auctions.yahoo.co.jp/image/dr000/auc0108/users/a08b31b69a113e152517554e16b3ed49ed9d0900/i-img1200x900-1598626528c3b8sz3028129.jpg,https://auctions.c.yimg.jp/images.auctions.yahoo.co.jp/image/dr000/auc0108/users/a08b31b69a113e152517554e16b3ed49ed9d0900/i-img900x1200-1598626530vuonx53176904.jpg
9,,,,,,
10,https://auctions.c.yimg.jp/images.auctions.yahoo.co.jp/image/dr000/auc0109/users/300d1d312e9516bc12f89e50e31206efe1ff8262/i-img540x720-16012797785mc2m420016.jpg,https://auctions.c.yimg.jp/images.auctions.yahoo.co.jp/image/dr000/auc0109/users/300d1d312e9516bc12f89e50e31206efe1ff8262/i-img720x540-1601279778hjotzt763087.jpg,https://auctions.c.yimg.jp/images.auctions.yahoo.co.jp/image/dr000/auc0109/users/300d1d312e9516bc12f89e50e31206efe1ff8262/i-img540x720-16012797796ypewe20016.jpg,https://auctions.c.yimg.jp/images.auctions.yahoo.co.jp/image/dr000/auc0109/users/300d1d312e9516bc12f89e50e31206efe1ff8262/i-img540x720-16012797794yym9k453224.jpg,https://auctions.c.yimg.jp/images.auctions.yahoo.co.jp/image/dr000/auc0109/users/300d1d312e9516bc12f89e50e31206efe1ff8262/i-img540x720-1601279780imdant827983.jpg,https://auctions.c.yimg.jp/images.auctions.yahoo.co.jp/image/dr000/auc0109/users/300d1d312e9516bc12f89e50e31206efe1ff8262/i-img720x540-16012797802g3qfm13560.jpg
11,https://auctions.c.yimg.jp/images.auctions.yahoo.co.jp/image/dr000/auc0110/users/dc88dad4e7ef2409ba6900e5d9036db1665cacf8/i-img600x800-1602462588k48nnu25814.jpg,https://auctions.c.yimg.jp/images.auctions.yahoo.co.jp/image/dr000/auc0110/users/dc88dad4e7ef2409ba6900e5d9036db1665cacf8/i-img600x800-1602462588pzakym25814.jpg,https://auctions.c.yimg.jp/images.auctions.yahoo.co.jp/image/dr000/auc0110/users/dc88dad4e7ef2409ba6900e5d9036db1665cacf8/i-img600x800-1602462588lzvz9e25814.jpg,,,
12,https://auctions.c.yimg.jp/images.auctions.yahoo.co.jp/image/dr000/auc0109/users/300d1d312e9516bc12f89e50e31206efe1ff8262/i-img1080x1080-1601366999jfbwsm23584.jpg,,,,,
13,https://auctions.c.yimg.jp/images.auctions.yahoo.co.jp/image/dr000/auc0108/users/409e44ab9a0352f5e241b89adf5ffdcc047c3f8e/i-img1000x750-1597629363gmfthn5881.jpg,https://auctions.c.yimg.jp/images.auctions.yahoo.co.jp/image/dr000/auc0108/users/409e44ab9a0352f5e241b89adf5ffdcc047c3f8e/i-img1000x750-1597629363gsetm65881.jpg,https://auctions.c.yimg.jp/images.auctions.yahoo.co.jp/image/dr000/auc0108/users/409e44ab9a0352f5e241b89adf5ffdcc047c3f8e/i-img1000x750-1597629363bkwurp5881.jpg,https://auctions.c.yimg.jp/images.auctions.yahoo.co.jp/image/dr000/auc0108/users/409e44ab9a0352f5e241b89adf5ffdcc047c3f8e/i-img1000x750-1597629363vaa1wi5881.jpg,https://auctions.c.yimg.jp/images.auctions.yahoo.co.jp/image/dr000/auc0108/users/409e44ab9a0352f5e241b89adf5ffdcc047c3f8e/i-img1000x750-1597629363xzqb215881.jpg,https://auctions.c.yimg.jp/images.auctions.yahoo.co.jp/image/dr000/auc0108/users/409e44ab9a0352f5e241b89adf5ffdcc047c3f8e/i-img1000x750-159762936341xp7k5881.jpg
14,https://auctions.c.yimg.jp/images.auctions.yahoo.co.jp/image/dr000/auc0108/users/380d7a7c1d8250db569c4c2b5c663ecf138c482a/i-img1200x675-1596293251xndydf1932100.jpg,https://auctions.c.yimg.jp/images.auctions.yahoo.co.jp/image/dr000/auc0108/users/380d7a7c1d8250db569c4c2b5c663ecf138c482a/i-img675x1200-15962932515ppaz61932100.jpg,https://auctions.c.yimg.jp/images.auctions.yahoo.co.jp/image/dr000/auc0108/users/380d7a7c1d8250db569c4c2b5c663ecf138c482a/i-img1200x675-1596293251dvsejb1932100.jpg,https://auctions.c.yimg.jp/images.auctions.yahoo.co.jp/image/dr000/auc0108/users/380d7a7c1d8250db569c4c2b5c663ecf138c482a/i-img1200x675-1596293251xndydf1932100.jpg,,
15,https://auctions.c.yimg.jp/images.auctions.yahoo.co.jp/image/dr000/auc0108/users/9ce9920bfb93556a617f3f897ff378cb395210cf/i-img296x445-1598076377lx1vb8398.jpg,https://auctions.c.yimg.jp/images.auctions.yahoo.co.jp/image/dr000/auc0108/users/9ce9920bfb93556a617f3f897ff378cb395210cf/i-img296x445-1598076377nx6tx9398.jpg,https://auctions.c.yimg.jp/images.auctions.yahoo.co.jp/image/dr000/auc0108/users/9ce9920bfb93556a617f3f897ff378cb395210cf/i-img296x445-1598076377virmta398.jpg,https://auctions.c.yimg.jp/images.auctions.yahoo.co.jp/image/dr000/auc0108/users/9ce9920bfb93556a617f3f897ff378cb395210cf/i-img296x445-1598076377vv06pb398.jpg,https://auctions.c.yimg.jp/images.auctions.yahoo.co.jp/image/dr000/auc0108/users/9ce9920bfb93556a617f3f897ff378cb395210cf/i-img296x445-15980763771wjdqc398.jpg,https://auctions.c.yimg.jp/images.auctions.yahoo.co.jp/image/dr000/auc0108/users/9ce9920bfb93556a617f3f897ff378cb395210cf/i-img296x445-1598076377ts9brd398.jpg
16,https://auctions.c.yimg.jp/images.auctions.yahoo.co.jp/image/dr000/auc0106/users/1e1328d3ed82770e49556d0ebbbc468b300c1133/i-img898x1198-15934536044rd8t1326847.jpg,,,,,
